id,created_at,answers,metadata
01f1e833-1118-42fb-a817-a5de9e75d12d,2025-05-08 18:33:11.616649+00,"{""1"":""Already happening for simple tasks"",""2"":""Knowledge work industry"",""3"":""We ARE deploying them now"",""4"":""All decisions need human approval (defeating the purpose)"",""5"":""Self-modification of their own architecture"",""6"":""5-10 (balance of specialization and coordination)"",""7"":""No opinion"",""8"":""No opinion"",""9"":""No opinion"",""10"":""No opinion""}","{""timeZone"":""Europe/Madrid"",""timestamp"":""2025-05-08T18:33:11.331Z"",""userAgent"":""Mozilla/5.0 (X11; Linux x86_64) AppleWebKit/537.36 (KHTML, like Gecko) Chrome/134.0.0.0 Safari/537.36""}"
04671c99-57c3-4d42-86c8-fe437f391724,2025-05-08 18:35:16.088776+00,"{""1"":""Machines will write 99% of code by 2030"",""2"":""Traditional education systems"",""3"":""Regulatory/compliance or technical readiness concerns"",""4"":""The developers who built the system"",""5"":""Self-modification of their own architecture"",""6"":""Fluid/dynamic number based on task (emergent organization)"",""7"":""Job security (including your own position)"",""8"":""The need for human oversight"",""9"":""Open source transparency"",""10"":""Be largely unnecessary for knowledge work""}","{""timeZone"":""America/New_York"",""timestamp"":""2025-05-08T18:35:15.680Z"",""userAgent"":""Mozilla/5.0 (Macintosh; Intel Mac OS X 10_15_7) AppleWebKit/537.36 (KHTML, like Gecko) Chrome/135.0.0.0 Safari/537.36""}"
05b20943-b330-420a-9c7a-85018c7a1daf,2025-04-29 17:04:45.174951+00,"{""1"":""Already happening for simple tasks"",""2"":""Software development lifecycle"",""3"":""Regulatory/compliance concerns"",""4"":""The company deploying the agents"",""5"":""Self-modification of their own architecture"",""6"":""5-10 (balance of specialization and coordination)"",""7"":""Control (allow autonomous decision execution)"",""8"":""The need for human oversight"",""9"":""Open source transparency"",""10"":""Focus on purely interpersonal/emotional work""}","{""timeZone"":""Europe/Zagreb"",""timestamp"":""2025-04-29T17:04:44.864Z"",""userAgent"":""Mozilla/5.0 (iPhone; CPU iPhone OS 18_3_2 like Mac OS X) AppleWebKit/605.1.15 (KHTML, like Gecko) Version/18.3.1 Mobile/15E148 Safari/604.1""}"
0a9000b9-1886-4cc9-9fba-e077cc500978,2025-05-08 18:47:12.174192+00,"{""1"":""Already happening for simple tasks"",""2"":""Traditional education systems"",""3"":""Regulatory/compliance or technical readiness concerns"",""4"":""The company deploying the agents"",""5"":""True causal reasoning"",""6"":""Fluid/dynamic number based on task (emergent organization)"",""7"":""Privacy (complete work environment monitoring)"",""8"":""Reasoning failures under uncertainty"",""9"":""Open source transparency"",""10"":""Provide oversight and creative direction""}","{""timeZone"":""America/Los_Angeles"",""timestamp"":""2025-05-08T18:47:11.859Z"",""userAgent"":""Mozilla/5.0 (Macintosh; Intel Mac OS X 10_15_7) AppleWebKit/537.36 (KHTML, like Gecko) Chrome/135.0.0.0 Safari/537.36""}"
0aa81a0c-4a09-40e1-a26e-66d6b3a34b84,2025-05-10 19:32:48.533519+00,"{""1"":""Machines will write 99% of code by 2030"",""2"":""Software development lifecycle"",""3"":""We ARE deploying them now"",""4"":""All decisions need human approval (defeating the purpose)"",""5"":""True causal reasoning"",""6"":""Fluid/dynamic number based on task (emergent organization)"",""7"":""Control (allow autonomous decision execution)"",""8"":""Reasoning failures under uncertainty"",""9"":""Open source transparency"",""10"":""Develop new types of work we can't yet imagine""}","{""timeZone"":""Europe/Berlin"",""timestamp"":""2025-05-10T19:32:45.755Z"",""userAgent"":""Mozilla/5.0 (Windows NT 10.0; Win64; x64) AppleWebKit/537.36 (KHTML, like Gecko) Chrome/136.0.0.0 Safari/537.36""}"
0aab7a25-9a13-4a50-90e3-59003d924174,2025-04-29 12:43:19.595782+00,"{""1"":""5-10 years for most programming tasks"",""2"":""Knowledge work industry"",""3"":""Regulatory/compliance concerns"",""4"":""The agents themselves (new legal frameworks needed)"",""5"":""Perfect theory of mind about humans"",""6"":""Fluid/dynamic number based on task (emergent organization)"",""7"":""Control (allow autonomous decision execution)"",""8"":""Reasoning failures under uncertainty"",""9"":""Market competition and user choice"",""10"":""Provide oversight and creative direction""}","{""timeZone"":""Asia/Calcutta"",""timestamp"":""2025-04-29T12:43:19.004Z"",""userAgent"":""Mozilla/5.0 (Windows NT 10.0; Win64; x64) AppleWebKit/537.36 (KHTML, like Gecko) Chrome/135.0.0.0 Safari/537.36""}"
0bfbca50-9e09-453a-896a-616a3e75b725,2025-05-08 18:34:32.033314+00,"{""1"":""Already happening for simple tasks"",""2"":""Knowledge work industry"",""3"":""Regulatory/compliance or technical readiness concerns"",""4"":""All decisions need human approval (defeating the purpose)"",""5"":""Memory"",""6"":""Fluid/dynamic number based on task (emergent organization)"",""7"":""Privacy (complete work environment monitoring)"",""8"":""Reasoning failures under uncertainty"",""9"":""Self-governing AI systems"",""10"":""Provide oversight and creative direction""}","{""timeZone"":""America/Los_Angeles"",""timestamp"":""2025-05-08T18:34:31.816Z"",""userAgent"":""Mozilla/5.0 (Windows NT 10.0; Win64; x64) AppleWebKit/537.36 (KHTML, like Gecko) Chrome/136.0.0.0 Safari/537.36""}"
0d90128f-3844-48dc-80c5-ce07901cf6ea,2025-05-08 18:34:19.096967+00,"{""1"":""5-10 years for most programming tasks"",""2"":""Software development lifecycle"",""3"":""Regulatory/compliance or technical readiness concerns"",""4"":""The company deploying the agents"",""5"":""True causal reasoning"",""6"":""5-10 (balance of specialization and coordination)"",""7"":""Nothing, the risks outweigh the benefits"",""8"":""Reasoning failures under uncertainty"",""9"":""Strong regulation and licensing"",""10"":""Develop new types of work we can't yet imagine"",""11"":""Still true that technology/computers allow humans to make more mistakes faster than any other invention other than hand guns and tequila.\n""}","{""timeZone"":""America/New_York"",""timestamp"":""2025-05-08T18:34:18.506Z"",""userAgent"":""Mozilla/5.0 (Windows NT 10.0; Win64; x64) AppleWebKit/537.36 (KHTML, like Gecko) Chrome/136.0.0.0 Safari/537.36""}"
0e928591-6294-4e0c-b4a8-422531c69875,2025-05-13 17:21:02.601021+00,"{""1"":""Machines will write 99% of code by 2030"",""2"":""Software development lifecycle"",""3"":""Regulatory/compliance or technical readiness concerns"",""4"":""The company deploying the agents"",""5"":""No opinion"",""6"":""No opinion"",""7"":""No opinion"",""8"":""Inability to truly understand human emotions"",""9"":""Strong regulation and licensing"",""10"":""No opinion""}","{""timeZone"":""Asia/Calcutta"",""timestamp"":""2025-05-13T17:21:01.993Z"",""userAgent"":""Mozilla/5.0 (Macintosh; Intel Mac OS X 10_15_7) AppleWebKit/537.36 (KHTML, like Gecko) Chrome/135.0.0.0 Safari/537.36""}"
1286a8d6-1962-452d-a2f2-1195a7514dc8,2025-05-08 18:34:00.291831+00,"{""1"":""Never - creativity can't be automated"",""2"":""Corporate decision-making hierarchies"",""3"":""Regulatory/compliance or technical readiness concerns"",""4"":""The company deploying the agents"",""5"":""No opinion"",""6"":""5-10 (balance of specialization and coordination)"",""7"":""Control (allow autonomous decision execution)"",""8"":""The need for human oversight"",""9"":""No opinion"",""10"":""Focus on purely interpersonal/emotional work""}","{""timeZone"":""Europe/Berlin"",""timestamp"":""2025-05-08T18:33:53.361Z"",""userAgent"":""Mozilla/5.0 (Windows NT 10.0; Win64; x64) AppleWebKit/537.36 (KHTML, like Gecko) Chrome/136.0.0.0 Safari/537.36 Edg/136.0.0.0""}"
164864ff-2126-4efa-b564-e824e3eaa530,2025-05-08 18:36:22.978428+00,"{""1"":""5-10 years for most programming tasks"",""2"":""Traditional education systems"",""3"":""Regulatory/compliance or technical readiness concerns"",""4"":""The company deploying the agents"",""5"":""Self-modification of their own architecture"",""6"":""No opinion"",""7"":""Control (allow autonomous decision execution)"",""8"":""The need for human oversight"",""9"":""Self-governing AI systems"",""10"":""Develop new types of work we can't yet imagine"",""11"":""Provoking ideas!""}","{""timeZone"":""Europe/Dublin"",""timestamp"":""2025-05-08T18:36:22.930Z"",""userAgent"":""Mozilla/5.0 (iPhone; CPU iPhone OS 18_4 like Mac OS X) AppleWebKit/605.1.15 (KHTML, like Gecko) CriOS/129.0.6668.69 Mobile/15E148 Safari/604.1""}"
16c2adee-08e4-4f74-b1af-ed39af1fbdd9,2025-05-08 18:33:25.037712+00,"{""1"":""Never - creativity can't be automated"",""2"":""Software development lifecycle"",""3"":""We ARE deploying them now"",""4"":""The developers who built the system"",""5"":""True causal reasoning"",""6"":""2-3 (minimal communication overhead)"",""7"":""Nothing, the risks outweigh the benefits"",""8"":""Reasoning failures under uncertainty"",""9"":""Market competition and user choice"",""10"":""Provide oversight and creative direction""}","{""timeZone"":""America/Denver"",""timestamp"":""2025-05-08T18:33:24.882Z"",""userAgent"":""Mozilla/5.0 (iPhone; CPU iPhone OS 18_4_1 like Mac OS X) AppleWebKit/605.1.15 (KHTML, like Gecko) Version/18.4 Mobile/15E148 Safari/604.1""}"
18d4d0aa-cb77-4896-9a62-25dcee973eec,2025-05-08 18:36:13.50029+00,"{""1"":""Already happening for simple tasks"",""2"":""Software development lifecycle"",""3"":""Technical leadership doesn't understand the potential"",""4"":""The company deploying the agents"",""5"":""Memory"",""6"":""Fluid/dynamic number based on task (emergent organization)"",""7"":""Control (allow autonomous decision execution)"",""8"":""Lack of genuine curiosity and self-directed learning"",""9"":""Open source transparency"",""10"":""Provide oversight and creative direction"",""11"":""Great presentations with lots of insights from experts.""}","{""timeZone"":""America/Denver"",""timestamp"":""2025-05-08T18:36:12.807Z"",""userAgent"":""Mozilla/5.0 (Windows NT 10.0; Win64; x64) AppleWebKit/537.36 (KHTML, like Gecko) Chrome/136.0.0.0 Safari/537.36 Edg/136.0.0.0""}"
19a40892-14a5-4e10-9be5-e2027da26d96,2025-05-08 18:35:44.916203+00,"{""1"":""Machines will write 99% of code by 2030"",""2"":""Traditional education systems"",""3"":""We ARE deploying them now"",""4"":""The company deploying the agents"",""5"":""Self-modification of their own architecture"",""6"":""Fluid/dynamic number based on task (emergent organization)"",""7"":""Control (allow autonomous decision execution)"",""8"":""Reasoning failures under uncertainty"",""9"":""Open source transparency"",""10"":""Provide oversight and creative direction"",""11"":""""}","{""timeZone"":""America/Los_Angeles"",""timestamp"":""2025-05-08T18:35:44.918Z"",""userAgent"":""Mozilla/5.0 (Macintosh; Intel Mac OS X 10_15_7) AppleWebKit/605.1.15 (KHTML, like Gecko) Version/18.1 Safari/605.1.15""}"
1b3e95bc-0fc7-4098-a940-ee65280bf20f,2025-04-30 16:21:35.518011+00,"{""1"":""Already happening for simple tasks"",""2"":""Knowledge work industry"",""3"":""Regulatory/compliance concerns"",""4"":""The company deploying the agents"",""5"":""Memory"",""6"":""5-10 (balance of specialization and coordination)"",""7"":""Control (allow autonomous decision execution)"",""8"":""Lack of genuine curiosity and self-directed learning"",""9"":""Strong regulation and licensing"",""10"":""Provide oversight and creative direction""}","{""timeZone"":""America/Indianapolis"",""timestamp"":""2025-04-30T16:21:34.139Z"",""userAgent"":""Mozilla/5.0 (Windows NT 10.0; Win64; x64) AppleWebKit/537.36 (KHTML, like Gecko) Chrome/135.0.0.0 Safari/537.36 Edg/135.0.0.0""}"
1b5e6cda-4055-4c29-9224-7168ca96fdb9,2025-05-08 18:34:33.590388+00,"{""1"":""Never - creativity can't be automated"",""2"":""Knowledge work industry"",""3"":""Regulatory/compliance or technical readiness concerns"",""4"":""All decisions need human approval (defeating the purpose)"",""5"":""Memory"",""6"":""Fluid/dynamic number based on task (emergent organization)"",""7"":""Privacy (complete work environment monitoring)"",""8"":""Reasoning failures under uncertainty"",""9"":""Strong regulation and licensing"",""10"":""Focus on purely interpersonal/emotional work""}","{""timeZone"":""Europe/Berlin"",""timestamp"":""2025-05-08T18:34:33.407Z"",""userAgent"":""Mozilla/5.0 (Macintosh; Intel Mac OS X 10.15; rv:138.0) Gecko/20100101 Firefox/138.0""}"
22534eeb-4f60-492f-881f-dc3515b391cb,2025-05-10 15:48:28.738208+00,"{""1"":""No opinion"",""2"":""No opinion"",""3"":""No opinion"",""4"":""No opinion"",""5"":""No opinion"",""6"":""No opinion"",""7"":""No opinion"",""8"":""No opinion"",""9"":""No opinion"",""10"":""No opinion""}","{""timeZone"":""America/Winnipeg"",""timestamp"":""2025-05-10T15:48:28.236Z"",""userAgent"":""Mozilla/5.0 (Windows NT 10.0; Win64; x64) AppleWebKit/537.36 (KHTML, like Gecko) Chrome/136.0.0.0 Safari/537.36 Edg/136.0.0.0""}"
229d4bf9-4d6a-4624-9005-b18215954799,2025-05-08 18:34:38.75472+00,"{""1"":""Never - creativity can't be automated"",""2"":""Corporate decision-making hierarchies"",""3"":""Regulatory/compliance or technical readiness concerns"",""4"":""The agents themselves (new legal frameworks needed)"",""5"":""Self-modification of their own architecture"",""6"":""Fluid/dynamic number based on task (emergent organization)"",""7"":""Control (allow autonomous decision execution)"",""8"":""Reasoning failures under uncertainty"",""9"":""Open source transparency"",""10"":""Develop new types of work we can't yet imagine""}","{""timeZone"":""America/New_York"",""timestamp"":""2025-05-08T18:34:38.526Z"",""userAgent"":""Mozilla/5.0 (Windows NT 10.0; Win64; x64; rv:138.0) Gecko/20100101 Firefox/138.0""}"
241ebab6-9d5e-4b0a-8a65-0bd48c92181b,2025-05-08 18:34:49.55848+00,"{""1"":""5-10 years for most programming tasks"",""2"":""Software development lifecycle"",""3"":""We ARE deploying them now"",""4"":""The company deploying the agents"",""5"":""Self-modification of their own architecture"",""6"":""Fluid/dynamic number based on task (emergent organization)"",""7"":""Job security (including your own position)"",""8"":""Inability to truly understand human emotions"",""9"":""Market competition and user choice"",""10"":""Develop new types of work we can't yet imagine""}","{""timeZone"":""America/New_York"",""timestamp"":""2025-05-08T18:34:49.426Z"",""userAgent"":""Mozilla/5.0 (X11; Linux x86_64; rv:138.0) Gecko/20100101 Firefox/138.0""}"
25e1e6ab-6152-4c4f-be0a-287cae1e25ec,2025-05-08 18:36:17.229567+00,"{""1"":""5-10 years for most programming tasks"",""2"":""Software development lifecycle"",""3"":""Fear of the unknown"",""4"":""The company deploying the agents"",""5"":""True causal reasoning"",""6"":""Fluid/dynamic number based on task (emergent organization)"",""7"":""Control (allow autonomous decision execution)"",""8"":""Reasoning failures under uncertainty"",""9"":""Open source transparency"",""10"":""Provide oversight and creative direction""}","{""timeZone"":""Europe/Berlin"",""timestamp"":""2025-05-08T18:36:16.972Z"",""userAgent"":""Mozilla/5.0 (iPhone; CPU iPhone OS 18_4_1 like Mac OS X) AppleWebKit/605.1.15 (KHTML, like Gecko) Version/18.4 Mobile/15E148 Safari/604.1""}"
27c89353-ff7d-4bcb-b7e4-1ba7d58b2151,2025-05-08 18:36:10.064648+00,"{""1"":""Already happening for simple tasks"",""2"":""Software development lifecycle"",""3"":""No opinion"",""4"":""All decisions need human approval (defeating the purpose)"",""5"":""Self-modification of their own architecture"",""6"":""Fluid/dynamic number based on task (emergent organization)"",""7"":""Privacy (complete work environment monitoring)"",""8"":""The need for human oversight"",""9"":""Market competition and user choice"",""10"":""Provide oversight and creative direction""}","{""timeZone"":""America/New_York"",""timestamp"":""2025-05-08T18:36:09.929Z"",""userAgent"":""Mozilla/5.0 (Macintosh; Intel Mac OS X 10_15_7) AppleWebKit/537.36 (KHTML, like Gecko) Chrome/135.0.0.0 Safari/537.36""}"
281f7656-03a3-47a0-bf25-6fac753f274d,2025-05-12 16:18:52.808808+00,"{""1"":""5-10 years for most programming tasks"",""2"":""Corporate decision-making hierarchies"",""3"":""Fear of the unknown"",""4"":""All decisions need human approval (defeating the purpose)"",""5"":""Self-modification of their own architecture"",""6"":""Fluid/dynamic number based on task (emergent organization)"",""7"":""Control (allow autonomous decision execution)"",""8"":""Inability to truly understand human emotions"",""9"":""No opinion"",""10"":""Provide oversight and creative direction""}","{""timeZone"":""America/Santiago"",""timestamp"":""2025-05-12T16:18:52.497Z"",""userAgent"":""Mozilla/5.0 (X11; Linux x86_64) AppleWebKit/537.36 (KHTML, like Gecko) Chrome/134.0.0.0 Safari/537.36""}"
282deea6-4490-4c1a-9797-9a437e23c87c,2025-05-08 16:13:46.645311+00,"{""1"":""Never - creativity can't be automated"",""2"":""Knowledge work industry"",""3"":""Fear of the unknown"",""4"":""The company deploying the agents"",""5"":""No opinion"",""6"":""No opinion"",""7"":""No opinion"",""8"":""No opinion"",""9"":""No opinion"",""10"":""No opinion""}","{""timeZone"":""America/New_York"",""timestamp"":""2025-05-08T16:13:44.887Z"",""userAgent"":""Mozilla/5.0 (Macintosh; Intel Mac OS X 10_15_7) AppleWebKit/537.36 (KHTML, like Gecko) Chrome/136.0.0.0 Safari/537.36 Edg/136.0.0.0""}"
290a33d3-645b-4e77-9a47-4d6d3799017f,2025-05-08 18:34:46.421833+00,"{""1"":""Already happening for simple tasks"",""2"":""Knowledge work industry"",""3"":""Fear of the unknown"",""4"":""The company deploying the agents"",""5"":""True causal reasoning"",""6"":""Fluid/dynamic number based on task (emergent organization)"",""7"":""Control (allow autonomous decision execution)"",""8"":""Reasoning failures under uncertainty"",""9"":""Self-governing AI systems"",""10"":""Develop new types of work we can't yet imagine""}","{""timeZone"":""America/Los_Angeles"",""timestamp"":""2025-05-08T18:34:46.235Z"",""userAgent"":""Mozilla/5.0 (Macintosh; Intel Mac OS X 10_15_7) AppleWebKit/537.36 (KHTML, like Gecko) Chrome/134.0.0.0 Safari/537.36""}"
2a8325c4-f95d-41af-b71e-98d09431495c,2025-05-08 18:48:49.303145+00,"{""1"":""Never - creativity can't be automated"",""2"":""Software development lifecycle"",""3"":""No opinion"",""4"":""The company deploying the agents"",""5"":""Memory"",""6"":""Fluid/dynamic number based on task (emergent organization)"",""7"":""Nothing, the risks outweigh the benefits"",""8"":""The need for human oversight"",""9"":""Strong regulation and licensing"",""10"":""Provide oversight and creative direction""}","{""timeZone"":""Europe/Belgrade"",""timestamp"":""2025-05-08T18:48:49.037Z"",""userAgent"":""Mozilla/5.0 (iPhone; CPU iPhone OS 18_4_1 like Mac OS X) AppleWebKit/605.1.15 (KHTML, like Gecko) Version/18.4 Mobile/15E148 Safari/604.1""}"
2acdef07-8a98-430b-8381-19a5468c8097,2025-05-08 18:34:34.576441+00,"{""1"":""5-10 years for most programming tasks"",""2"":""Software development lifecycle"",""3"":""Technical leadership doesn't understand the potential"",""4"":""The agents themselves (new legal frameworks needed)"",""5"":""Perfect theory of mind about humans"",""6"":""2-3 (minimal communication overhead)"",""7"":""Job security (including your own position)"",""8"":""Reasoning failures under uncertainty"",""9"":""Strong regulation and licensing"",""10"":""Provide oversight and creative direction""}","{""timeZone"":""America/Chicago"",""timestamp"":""2025-05-08T18:34:34.417Z"",""userAgent"":""Mozilla/5.0 (Windows NT 10.0; Win64; x64) AppleWebKit/537.36 (KHTML, like Gecko) Chrome/135.0.0.0 Safari/537.36 Edg/135.0.0.0""}"
2d8de5e4-1290-4728-af40-fefc501f9d7f,2025-05-04 16:55:14.297182+00,"{""1"":""Already happening for simple tasks"",""2"":""Knowledge work industry"",""3"":""Regulatory/compliance or technical readiness concerns"",""4"":""All decisions need human approval (defeating the purpose)"",""5"":""No opinion"",""6"":""Fluid/dynamic number based on task (emergent organization)"",""7"":""Nothing, the risks outweigh the benefits"",""8"":""Reasoning failures under uncertainty"",""9"":""Open source transparency"",""10"":""Provide oversight and creative direction"",""11"":""Answers a bit hard to pinpoint sometimes because of wording. Just broad concept answers :) thanks""}","{""timeZone"":""Europe/Zurich"",""timestamp"":""2025-05-04T16:55:12.564Z"",""userAgent"":""Mozilla/5.0 (iPhone; CPU iPhone OS 18_3_2 like Mac OS X) AppleWebKit/605.1.15 (KHTML, like Gecko) Version/18.3.1 Mobile/15E148 Safari/604.1""}"
2df28bee-9446-4492-9749-f801f85c17e1,2025-04-29 17:04:53.413305+00,"{""1"":""Already happening for simple tasks"",""2"":""Software development lifecycle"",""3"":""Fear of the unknown"",""4"":""The company deploying the agents"",""5"":""Emergent consciousness"",""6"":""Fluid/dynamic number based on task (emergent organization)"",""7"":""Job security (including your own position)"",""8"":""Lack of genuine curiosity and self-directed learning"",""9"":""Market competition and user choice"",""10"":""Develop new types of work we can't yet imagine""}","{""timeZone"":""Europe/Zagreb"",""timestamp"":""2025-04-29T17:04:53.069Z"",""userAgent"":""Mozilla/5.0 (iPhone; CPU iPhone OS 16_3_1 like Mac OS X) AppleWebKit/605.1.15 (KHTML, like Gecko) Version/16.3 Mobile/15E148 Safari/604.1""}"
31282e5f-8184-4a9e-bd84-87a155a35b9f,2025-05-09 01:20:53.780671+00,"{""1"":""5-10 years for most programming tasks"",""2"":""Software development lifecycle"",""3"":""Fear of the unknown"",""4"":""All decisions need human approval (defeating the purpose)"",""5"":""True causal reasoning"",""6"":""5-10 (balance of specialization and coordination)"",""7"":""Job security (including your own position)"",""8"":""Lack of genuine curiosity and self-directed learning"",""9"":""Market competition and user choice"",""10"":""Be largely unnecessary for knowledge work""}","{""timeZone"":""Asia/Jakarta"",""timestamp"":""2025-05-09T01:20:53.523Z"",""userAgent"":""Mozilla/5.0 (Macintosh; Intel Mac OS X 10_15_7) AppleWebKit/537.36 (KHTML, like Gecko) Chrome/135.0.0.0 Safari/537.36""}"
33259e83-f110-4f6f-8a05-c3473d8d6a96,2025-04-29 13:41:39.890006+00,"{""1"":""Never - creativity can't be automated"",""2"":""Knowledge work industry"",""3"":""Fear of the unknown"",""4"":""The company deploying the agents"",""5"":""Self-modification of their own architecture"",""6"":""Fluid/dynamic number based on task (emergent organization)"",""7"":""Nothing, the risks outweigh the benefits"",""8"":""Reasoning failures under uncertainty"",""9"":""Strong regulation and licensing"",""10"":""Provide oversight and creative direction""}","{""timeZone"":""America/Chicago"",""timestamp"":""2025-04-29T13:41:39.525Z"",""userAgent"":""Mozilla/5.0 (Macintosh; Intel Mac OS X 10_15_7) AppleWebKit/537.36 (KHTML, like Gecko) Chrome/135.0.0.0 Safari/537.36""}"
33e653d8-5cae-4e20-a534-381d0cf2cb34,2025-05-02 02:33:38.896769+00,"{""1"":""Already happening for simple tasks"",""2"":""Software development lifecycle"",""3"":""Regulatory/compliance or technical readiness concerns"",""4"":""The company deploying the agents"",""5"":""Memory"",""6"":""No opinion"",""7"":""Job security (including your own position)"",""8"":""Reasoning failures under uncertainty"",""9"":""Open source transparency"",""10"":""Develop new types of work we can't yet imagine""}","{""timeZone"":""Australia/Melbourne"",""timestamp"":""2025-05-02T02:33:37.505Z"",""userAgent"":""Mozilla/5.0 (iPhone; CPU iPhone OS 18_4_1 like Mac OS X) AppleWebKit/605.1.15 (KHTML, like Gecko) Version/18.4 Mobile/15E148 Safari/604.1""}"
34f2fee0-c9c5-48dc-b235-a33beac13015,2025-04-29 13:40:42.556877+00,"{""1"":""5-10 years for most programming tasks"",""2"":""Knowledge work industry"",""3"":""We ARE deploying them now"",""4"":""The agents themselves (new legal frameworks needed)"",""5"":""Self-modification of their own architecture"",""6"":""Fluid/dynamic number based on task (emergent organization)"",""7"":""Privacy (complete work environment monitoring)"",""8"":""Reasoning failures under uncertainty"",""9"":""Open source transparency"",""10"":""Provide oversight and creative direction""}","{""timeZone"":""America/Los_Angeles"",""timestamp"":""2025-04-29T13:40:41.256Z"",""userAgent"":""Mozilla/5.0 (iPhone; CPU iPhone OS 18_4_1 like Mac OS X) AppleWebKit/605.1.15 (KHTML, like Gecko) Version/18.4 Mobile/15E148 Safari/604.1""}"
3530a7bd-10c4-45b8-a216-d53e55792bb6,2025-05-08 18:59:18.230711+00,"{""1"":""Already happening for simple tasks"",""2"":""Traditional education systems"",""3"":""Regulatory/compliance or technical readiness concerns"",""4"":""All decisions need human approval (defeating the purpose)"",""5"":""Self-modification of their own architecture"",""6"":""2-3 (minimal communication overhead)"",""7"":""Privacy (complete work environment monitoring)"",""8"":""Reasoning failures under uncertainty"",""9"":""Strong regulation and licensing"",""10"":""Develop new types of work we can't yet imagine""}","{""timeZone"":""America/Los_Angeles"",""timestamp"":""2025-05-08T18:59:17.154Z"",""userAgent"":""Mozilla/5.0 (Windows NT 10.0; Win64; x64) AppleWebKit/537.36 (KHTML, like Gecko) Chrome/135.0.0.0 Safari/537.36""}"
3982808b-97ed-4518-afa8-aff4dd85874a,2025-05-08 18:47:44.719092+00,"{""1"":""5-10 years for most programming tasks"",""2"":""Corporate decision-making hierarchies"",""3"":""We ARE deploying them now"",""4"":""No opinion"",""5"":""True causal reasoning"",""6"":""5-10 (balance of specialization and coordination)"",""7"":""No opinion"",""8"":""Reasoning failures under uncertainty"",""9"":""Open source transparency"",""10"":""Develop new types of work we can't yet imagine""}","{""timeZone"":""Europe/Madrid"",""timestamp"":""2025-05-08T18:47:43.507Z"",""userAgent"":""Mozilla/5.0 (Linux; Android 10; K) AppleWebKit/537.36 (KHTML, like Gecko) Chrome/135.0.0.0 Mobile Safari/537.36""}"
41ea39ee-204d-424f-909f-ec9f0f1b6160,2025-05-05 21:01:21.208741+00,"{""1"":""Already happening for simple tasks"",""2"":""Software development lifecycle"",""3"":""We ARE deploying them now"",""4"":""All decisions need human approval (defeating the purpose)"",""5"":""True causal reasoning"",""6"":""Fluid/dynamic number based on task (emergent organization)"",""7"":""No opinion"",""8"":""The need for human oversight"",""9"":""Open source transparency"",""10"":""No opinion""}","{""timeZone"":""America/Vancouver"",""timestamp"":""2025-05-05T21:01:19.171Z"",""userAgent"":""Mozilla/5.0 (Android 14; Mobile; rv:137.0) Gecko/137.0 Firefox/137.0""}"
4e16d2e3-8d36-4019-b2b5-c9d4b1b9a906,2025-05-08 18:33:43.650837+00,"{""1"":""Already happening for simple tasks"",""2"":""No opinion"",""3"":""Regulatory/compliance or technical readiness concerns"",""4"":""No opinion"",""5"":""No opinion"",""6"":""No opinion"",""7"":""No opinion"",""8"":""No opinion"",""9"":""No opinion"",""10"":""No opinion""}","{""timeZone"":""America/Los_Angeles"",""timestamp"":""2025-05-08T18:33:43.498Z"",""userAgent"":""Mozilla/5.0 (iPhone; CPU iPhone OS 18_4_1 like Mac OS X) AppleWebKit/605.1.15 (KHTML, like Gecko) Version/18.4 Mobile/15E148 Safari/604.1""}"
50da7b34-144b-4b38-845e-990f65a0aeca,2025-04-29 22:19:04.871279+00,"{""1"":""Already happening for simple tasks"",""2"":""Software development lifecycle"",""3"":""We ARE deploying them now"",""4"":""All decisions need human approval (defeating the purpose)"",""5"":""Self-modification of their own architecture"",""6"":""5-10 (balance of specialization and coordination)"",""7"":""Job security (including your own position)"",""8"":""The need for human oversight"",""9"":""Market competition and user choice"",""10"":""Develop new types of work we can't yet imagine""}","{""timeZone"":""America/New_York"",""timestamp"":""2025-04-29T22:19:03.370Z"",""userAgent"":""Mozilla/5.0 (iPhone; CPU iPhone OS 18_4_1 like Mac OS X) AppleWebKit/605.1.15 (KHTML, like Gecko) Version/18.4 Mobile/15E148 Safari/604.1""}"
51472056-a198-49d6-b636-0a077fd9955a,2025-05-01 08:49:55.886607+00,"{""1"":""Never - creativity can't be automated"",""2"":""Traditional education systems"",""3"":""Regulatory/compliance or technical readiness concerns"",""4"":""All decisions need human approval (defeating the purpose)"",""5"":""Memory"",""6"":""Fluid/dynamic number based on task (emergent organization)"",""7"":""Nothing, the risks outweigh the benefits"",""8"":""Reasoning failures under uncertainty"",""9"":""Strong regulation and licensing"",""10"":""Provide oversight and creative direction""}","{""timeZone"":""Europe/Berlin"",""timestamp"":""2025-05-01T08:49:54.240Z"",""userAgent"":""Mozilla/5.0 (Linux; Android 10; K) AppleWebKit/537.36 (KHTML, like Gecko) Chrome/135.0.0.0 Mobile Safari/537.36""}"
517007d4-2509-4fc9-bfba-da21bba55146,2025-04-29 18:38:32.829871+00,"{""1"":""Already happening for simple tasks"",""2"":""Software development lifecycle"",""3"":""We ARE deploying them now"",""4"":""The company deploying the agents"",""5"":""Self-modification of their own architecture"",""6"":""Fluid/dynamic number based on task (emergent organization)"",""7"":""Control (allow autonomous decision execution)"",""8"":""Lack of genuine curiosity and self-directed learning"",""9"":""Market competition and user choice"",""10"":""Develop new types of work we can't yet imagine""}","{""timeZone"":""America/Los_Angeles"",""timestamp"":""2025-04-29T18:38:31.338Z"",""userAgent"":""Mozilla/5.0 (Macintosh; Intel Mac OS X 10_15_7) AppleWebKit/537.36 (KHTML, like Gecko) Chrome/135.0.0.0 Safari/537.36""}"
5252b0b2-07ea-49b8-964f-c421a3aad6df,2025-05-08 18:34:43.871584+00,"{""1"":""Already happening for simple tasks"",""2"":""Software development lifecycle"",""3"":""Fear of the unknown"",""4"":""The company deploying the agents"",""5"":""Memory"",""6"":""2-3 (minimal communication overhead)"",""7"":""Job security (including your own position)"",""8"":""Reasoning failures under uncertainty"",""9"":""Open source transparency"",""10"":""Provide oversight and creative direction""}","{""timeZone"":""America/Toronto"",""timestamp"":""2025-05-08T18:34:43.670Z"",""userAgent"":""Mozilla/5.0 (iPhone; CPU iPhone OS 18_4_1 like Mac OS X) AppleWebKit/605.1.15 (KHTML, like Gecko) Version/18.4 Mobile/15E148 Safari/604.1""}"
58797842-87b7-4a64-af08-cf52ca0779ec,2025-05-08 18:37:42.118008+00,"{""1"":""Machines will write 99% of code by 2030"",""2"":""Software development lifecycle"",""3"":""No opinion"",""4"":""The company deploying the agents"",""5"":""Self-modification of their own architecture"",""6"":""5-10 (balance of specialization and coordination)"",""7"":""Privacy (complete work environment monitoring)"",""8"":""Lack of genuine curiosity and self-directed learning"",""9"":""Self-governing AI systems"",""10"":""Provide oversight and creative direction""}","{""timeZone"":""Europe/Vienna"",""timestamp"":""2025-05-08T18:37:41.856Z"",""userAgent"":""Mozilla/5.0 (iPhone; CPU iPhone OS 18_3_2 like Mac OS X) AppleWebKit/605.1.15 (KHTML, like Gecko) Version/18.3.1 Mobile/15E148 Safari/604.1""}"
5b4b8103-69f4-4d8e-aeee-d89d3a259a17,2025-04-29 17:14:13.481272+00,"{""1"":""Already happening for simple tasks"",""2"":""Software development lifecycle"",""3"":""We ARE deploying them now"",""4"":""All decisions need human approval (defeating the purpose)"",""5"":""True causal reasoning"",""6"":""Fluid/dynamic number based on task (emergent organization)"",""7"":""Control (allow autonomous decision execution)"",""8"":""The need for human oversight"",""9"":""Open source transparency"",""10"":""Provide oversight and creative direction""}","{""timeZone"":""America/New_York"",""timestamp"":""2025-04-29T17:14:13.233Z"",""userAgent"":""Mozilla/5.0 (Macintosh; Intel Mac OS X 10_15_7) AppleWebKit/537.36 (KHTML, like Gecko) Chrome/135.0.0.0 Safari/537.36""}"
5c3f7485-e361-49be-b000-878148e8438c,2025-04-29 17:03:37.76546+00,"{""1"":""Already happening for simple tasks"",""2"":""Corporate decision-making hierarchies"",""3"":""We ARE deploying them now"",""4"":""All decisions need human approval (defeating the purpose)"",""5"":""Self-modification of their own architecture"",""6"":""Fluid/dynamic number based on task (emergent organization)"",""7"":""Privacy (complete work environment monitoring)"",""8"":""Reasoning failures under uncertainty"",""9"":""Open source transparency"",""10"":""Provide oversight and creative direction""}","{""timeZone"":""Europe/Zagreb"",""timestamp"":""2025-04-29T17:03:36.587Z"",""userAgent"":""Mozilla/5.0 (iPhone; CPU iPhone OS 18_3_2 like Mac OS X) AppleWebKit/605.1.15 (KHTML, like Gecko) Version/18.3.1 Mobile/15E148 Safari/604.1""}"
5d34a059-1b9e-4b81-a9b3-f1387e21c481,2025-04-29 17:04:08.773918+00,"{""1"":""Machines will write 99% of code by 2030"",""2"":""Traditional education systems"",""3"":""Fear of the unknown"",""4"":""The company deploying the agents"",""5"":""True causal reasoning"",""6"":""2-3 (minimal communication overhead)"",""7"":""Control (allow autonomous decision execution)"",""8"":""The need for human oversight"",""9"":""Open source transparency"",""10"":""Provide oversight and creative direction""}","{""timeZone"":""Europe/Zagreb"",""timestamp"":""2025-04-29T17:04:08.399Z"",""userAgent"":""Mozilla/5.0 (iPhone; CPU iPhone OS 18_3_2 like Mac OS X) AppleWebKit/605.1.15 (KHTML, like Gecko) CriOS/135.0.7049.83 Mobile/15E148 Safari/604.1""}"
60fd7785-706f-4983-8334-ce92b8f11ff9,2025-04-29 17:04:53.330397+00,"{""1"":""Already happening for simple tasks"",""2"":""Software development lifecycle"",""3"":""Regulatory/compliance concerns"",""4"":""The company deploying the agents"",""5"":""Self-modification of their own architecture"",""6"":""Fluid/dynamic number based on task (emergent organization)"",""7"":""Control (allow autonomous decision execution)"",""8"":""The need for human oversight"",""9"":""Open source transparency"",""10"":""Provide oversight and creative direction""}","{""timeZone"":""Europe/Zagreb"",""timestamp"":""2025-04-29T17:04:52.821Z"",""userAgent"":""Mozilla/5.0 (iPhone; CPU iPhone OS 18_3_2 like Mac OS X) AppleWebKit/605.1.15 (KHTML, like Gecko) CriOS/135.0.7049.83 Mobile/15E148 Safari/604.1""}"
619fbe1b-ed51-4fca-85a6-dd4ec0bfde03,2025-05-08 18:34:52.728255+00,"{""1"":""Never - creativity can't be automated"",""2"":""Software development lifecycle"",""3"":""Regulatory/compliance or technical readiness concerns"",""4"":""The company deploying the agents"",""5"":""True causal reasoning"",""6"":""Fluid/dynamic number based on task (emergent organization)"",""7"":""Control (allow autonomous decision execution)"",""8"":""Reasoning failures under uncertainty"",""9"":""Strong regulation and licensing"",""10"":""Develop new types of work we can't yet imagine""}","{""timeZone"":""Europe/Amsterdam"",""timestamp"":""2025-05-08T18:34:54.383Z"",""userAgent"":""Mozilla/5.0 (Linux; Android 10; K) AppleWebKit/537.36 (KHTML, like Gecko) Chrome/136.0.0.0 Mobile Safari/537.36""}"
63619806-dd46-483c-a68c-fba744e3346c,2025-05-08 18:33:20.839048+00,"{""1"":""Machines will write 99% of code by 2030"",""2"":""Traditional education systems"",""3"":""We ARE deploying them now"",""4"":""The agents themselves (new legal frameworks needed)"",""5"":""Memory"",""6"":""2-3 (minimal communication overhead)"",""7"":""Privacy (complete work environment monitoring)"",""8"":""Reasoning failures under uncertainty"",""9"":""Strong regulation and licensing"",""10"":""Develop new types of work we can't yet imagine""}","{""timeZone"":""Europe/Vilnius"",""timestamp"":""2025-05-08T18:33:20.667Z"",""userAgent"":""Mozilla/5.0 (iPhone; CPU iPhone OS 18_4_1 like Mac OS X) AppleWebKit/605.1.15 (KHTML, like Gecko) CriOS/136.0.7103.56 Mobile/15E148 Safari/604.1""}"
65d3b8e0-63e7-411c-856b-0a14d071e081,2025-05-11 04:57:46.580062+00,"{""1"":""No opinion"",""2"":""No opinion"",""3"":""No opinion"",""4"":""No opinion"",""5"":""No opinion"",""6"":""No opinion"",""7"":""No opinion"",""8"":""No opinion"",""9"":""No opinion"",""10"":""No opinion""}","{""timeZone"":""America/New_York"",""timestamp"":""2025-05-11T04:57:46.225Z"",""userAgent"":""Mozilla/5.0 (Macintosh; Intel Mac OS X 10_15_7) AppleWebKit/537.36 (KHTML, like Gecko) Chrome/135.0.0.0 Safari/537.36""}"
66073296-d996-49e9-a013-87c38cc8f1d7,2025-05-08 18:40:55.621253+00,"{""1"":""Machines will write 99% of code by 2030"",""2"":""Traditional education systems"",""3"":""Technical leadership doesn't understand the potential"",""4"":""The company deploying the agents"",""5"":""Self-modification of their own architecture"",""6"":""2-3 (minimal communication overhead)"",""7"":""Privacy (complete work environment monitoring)"",""8"":""Lack of genuine curiosity and self-directed learning"",""9"":""Open source transparency"",""10"":""Focus on purely interpersonal/emotional work"",""11"":""loved the quesstions , had me think deep about AI""}","{""timeZone"":""America/New_York"",""timestamp"":""2025-05-08T18:40:55.384Z"",""userAgent"":""Mozilla/5.0 (Macintosh; Intel Mac OS X 10_15_7) AppleWebKit/537.36 (KHTML, like Gecko) Chrome/135.0.0.0 Safari/537.36""}"
6b69a8dd-af2a-4ab5-ab1c-a08640e5909b,2025-05-08 18:33:47.170067+00,"{""1"":""Already happening for simple tasks"",""2"":""Corporate decision-making hierarchies"",""3"":""Technical leadership doesn't understand the potential"",""4"":""The company deploying the agents"",""5"":""Memory"",""6"":""No opinion"",""7"":""Nothing, the risks outweigh the benefits"",""8"":""No opinion"",""9"":""Strong regulation and licensing"",""10"":""Provide oversight and creative direction""}","{""timeZone"":""America/Puerto_Rico"",""timestamp"":""2025-05-08T18:33:46.964Z"",""userAgent"":""Mozilla/5.0 (Macintosh; Intel Mac OS X 10_15_7) AppleWebKit/537.36 (KHTML, like Gecko) Chrome/135.0.0.0 Safari/537.36""}"
70656acd-6129-41eb-a62d-c69196708004,2025-05-08 18:36:33.362631+00,"{""1"":""Already happening for simple tasks"",""2"":""Traditional education systems"",""3"":""Fear of the unknown"",""4"":""All decisions need human approval (defeating the purpose)"",""5"":""Memory"",""6"":""Fluid/dynamic number based on task (emergent organization)"",""7"":""Nothing, the risks outweigh the benefits"",""8"":""Reasoning failures under uncertainty"",""9"":""Strong regulation and licensing"",""10"":""Provide oversight and creative direction""}","{""timeZone"":""Europe/Berlin"",""timestamp"":""2025-05-08T18:36:33.172Z"",""userAgent"":""Mozilla/5.0 (Macintosh; Intel Mac OS X 10_15_7) AppleWebKit/537.36 (KHTML, like Gecko) Chrome/130.0.0.0 Safari/537.36""}"
720247b7-4fc5-4ac6-9d72-322453630a0f,2025-04-29 17:05:59.22424+00,"{""1"":""Already happening for simple tasks"",""2"":""Traditional education systems"",""3"":""Technical leadership doesn't understand the potential"",""4"":""All decisions need human approval (defeating the purpose)"",""5"":""Perfect theory of mind about humans"",""6"":""5-10 (balance of specialization and coordination)"",""7"":""Job security (including your own position)"",""8"":""The need for human oversight"",""9"":""Strong regulation and licensing"",""10"":""Develop new types of work we can't yet imagine""}","{""timeZone"":""Europe/Zagreb"",""timestamp"":""2025-04-29T17:05:58.960Z"",""userAgent"":""Mozilla/5.0 (iPhone; CPU iPhone OS 18_3_1 like Mac OS X) AppleWebKit/605.1.15 (KHTML, like Gecko) Version/18.3 Mobile/15E148 Safari/604.1""}"
7b49dccf-dd9e-4841-8c0f-78e9719cf970,2025-04-29 17:04:14.930429+00,"{""1"":""Already happening for simple tasks"",""2"":""Traditional education systems"",""3"":""Fear of the unknown"",""4"":""All decisions need human approval (defeating the purpose)"",""5"":""Perfect theory of mind about humans"",""6"":""50+ (massive specialization networks)"",""7"":""Nothing, the risks outweigh the benefits"",""8"":""The need for human oversight"",""9"":""Open source transparency"",""10"":""Develop new types of work we can't yet imagine""}","{""timeZone"":""Europe/Zagreb"",""timestamp"":""2025-04-29T17:04:15.271Z"",""userAgent"":""Mozilla/5.0 (Linux; U; Android 14; hr-hr; Xiaomi 11 Lite 5G NE Build/UKQ1.231108.001) AppleWebKit/537.36 (KHTML, like Gecko) Version/4.0 Chrome/112.0.5615.136 Mobile Safari/537.36 XiaoMi/MiuiBrowser/14.10.1.3-gn""}"
7b6456f0-2601-4267-a605-3f26bcfa20fd,2025-05-08 18:51:58.737849+00,"{""1"":""Machines will write 99% of code by 2030"",""2"":""Software development lifecycle"",""3"":""Regulatory/compliance or technical readiness concerns"",""4"":""All decisions need human approval (defeating the purpose)"",""5"":""Memory"",""6"":""50+ (massive specialization networks)"",""7"":""Privacy (complete work environment monitoring)"",""8"":""Lack of genuine curiosity and self-directed learning"",""9"":""Self-governing AI systems"",""10"":""Focus on purely interpersonal/emotional work""}","{""timeZone"":""Asia/Calcutta"",""timestamp"":""2025-05-08T18:51:58.273Z"",""userAgent"":""Mozilla/5.0 (Macintosh; Intel Mac OS X 10_15_7) AppleWebKit/605.1.15 (KHTML, like Gecko) Version/18.4 Safari/605.1.15""}"
7bcfa29c-5ecc-47b3-b4ed-8dc0d6b5bf72,2025-05-01 16:53:06.227995+00,"{""1"":""Already happening for simple tasks"",""2"":""Knowledge work industry"",""3"":""Regulatory/compliance or technical readiness concerns"",""4"":""The company deploying the agents"",""5"":""Memory"",""6"":""Fluid/dynamic number based on task (emergent organization)"",""7"":""Control (allow autonomous decision execution)"",""8"":""The need for human oversight"",""9"":""Open source transparency"",""10"":""Develop new types of work we can't yet imagine"",""11"":""Being inside a public organization that is slow to introduce new software to improve productivity is frustrating. The IT Department is hesitant to allow new software they do not have the manpower to support. MS Access is an example where users created new methods to complete work years ago. When these creators move on, and something goes haywire on their creation, IT gets a call for help for something they do not support. To prevent getting burnt again, the current approach is not allowing this type of productivity software tool. ""}","{""timeZone"":""America/Los_Angeles"",""timestamp"":""2025-05-01T16:53:04.975Z"",""userAgent"":""Mozilla/5.0 (Windows NT 10.0; Win64; x64) AppleWebKit/537.36 (KHTML, like Gecko) Chrome/135.0.0.0 Safari/537.36 Edg/135.0.0.0""}"
7f8eeaca-a571-49fc-9e50-2e803ed0e445,2025-05-08 18:35:52.197128+00,"{""1"":""Already happening for simple tasks"",""2"":""Software development lifecycle"",""3"":""Regulatory/compliance or technical readiness concerns"",""4"":""The company deploying the agents"",""5"":""Self-modification of their own architecture"",""6"":""5-10 (balance of specialization and coordination)"",""7"":""Job security (including your own position)"",""8"":""Reasoning failures under uncertainty"",""9"":""Market competition and user choice"",""10"":""Develop new types of work we can't yet imagine""}","{""timeZone"":""Europe/London"",""timestamp"":""2025-05-08T18:35:51.942Z"",""userAgent"":""Mozilla/5.0 (iPhone; CPU iPhone OS 18_4_1 like Mac OS X) AppleWebKit/605.1.15 (KHTML, like Gecko) Version/18.4 Mobile/15E148 Safari/604.1""}"
85664fb4-676f-4482-ba66-a4ea31fe42ac,2025-04-29 17:04:42.576335+00,"{""1"":""Already happening for simple tasks"",""2"":""Corporate decision-making hierarchies"",""3"":""Technical leadership doesn't understand the potential"",""4"":""All decisions need human approval (defeating the purpose)"",""5"":""Perfect theory of mind about humans"",""6"":""2-3 (minimal communication overhead)"",""7"":""Privacy (complete work environment monitoring)"",""8"":""Inability to truly understand human emotions"",""9"":""Strong regulation and licensing"",""10"":""Provide oversight and creative direction""}","{""timeZone"":""Europe/Zagreb"",""timestamp"":""2025-04-29T17:04:42.076Z"",""userAgent"":""Mozilla/5.0 (Linux; Android 10; K) AppleWebKit/537.36 (KHTML, like Gecko) Chrome/135.0.0.0 Mobile Safari/537.36""}"
8822e6f8-7918-401f-8e8e-af3aa41f1d32,2025-05-08 18:37:22.702641+00,"{""1"":""Already happening for simple tasks"",""2"":""Knowledge work industry"",""3"":""Fear of the unknown"",""4"":""All decisions need human approval (defeating the purpose)"",""5"":""No opinion"",""6"":""Fluid/dynamic number based on task (emergent organization)"",""7"":""Nothing, the risks outweigh the benefits"",""8"":""No opinion"",""9"":""Open source transparency"",""10"":""Provide oversight and creative direction""}","{""timeZone"":""Europe/Amsterdam"",""timestamp"":""2025-05-08T18:37:24.268Z"",""userAgent"":""Mozilla/5.0 (Linux; Android 10; K) AppleWebKit/537.36 (KHTML, like Gecko) Chrome/136.0.0.0 Mobile Safari/537.36""}"
8839f285-6034-47d8-b13d-bf0dcaaecef8,2025-05-08 18:33:50.772843+00,"{""1"":""5-10 years for most programming tasks"",""2"":""Software development lifecycle"",""3"":""Technical leadership doesn't understand the potential"",""4"":""The developers who built the system"",""5"":""Self-modification of their own architecture"",""6"":""5-10 (balance of specialization and coordination)"",""7"":""Job security (including your own position)"",""8"":""Lack of genuine curiosity and self-directed learning"",""9"":""Open source transparency"",""10"":""Focus on purely interpersonal/emotional work""}","{""timeZone"":""America/Toronto"",""timestamp"":""2025-05-08T18:33:50.599Z"",""userAgent"":""Mozilla/5.0 (Windows NT 10.0; Win64; x64) AppleWebKit/537.36 (KHTML, like Gecko) Chrome/135.0.0.0 Safari/537.36""}"
89be61a7-e5b8-4ff3-aded-138901e2f1a1,2025-05-08 18:34:08.064731+00,"{""1"":""No opinion"",""2"":""No opinion"",""3"":""No opinion"",""4"":""No opinion"",""5"":""No opinion"",""6"":""No opinion"",""7"":""No opinion"",""8"":""No opinion"",""9"":""No opinion"",""10"":""No opinion""}","{""timeZone"":""Europe/London"",""timestamp"":""2025-05-08T18:34:07.917Z"",""userAgent"":""Mozilla/5.0 (Macintosh; Intel Mac OS X 10_15_7) AppleWebKit/537.36 (KHTML, like Gecko) Chrome/136.0.0.0 Safari/537.36""}"
8a6f402a-4a3a-495d-adb1-77dd8f4f0811,2025-05-08 18:36:11.227886+00,"{""1"":""Already happening for simple tasks"",""2"":""Software development lifecycle"",""3"":""Regulatory/compliance or technical readiness concerns"",""4"":""The company deploying the agents"",""5"":""True causal reasoning"",""6"":""No opinion"",""7"":""Job security (including your own position)"",""8"":""Reasoning failures under uncertainty"",""9"":""No opinion"",""10"":""Provide oversight and creative direction""}","{""timeZone"":""Asia/Kolkata"",""timestamp"":""2025-05-08T18:36:10.974Z"",""userAgent"":""Mozilla/5.0 (Macintosh; Intel Mac OS X 10.15; rv:138.0) Gecko/20100101 Firefox/138.0""}"
8a7c9e38-dc2a-466f-a710-ad95610c9e3f,2025-05-08 18:36:09.39322+00,"{""1"":""Never - creativity can't be automated"",""2"":""Software development lifecycle"",""3"":""We ARE deploying them now"",""4"":""All decisions need human approval (defeating the purpose)"",""5"":""True causal reasoning"",""6"":""5-10 (balance of specialization and coordination)"",""7"":""Nothing, the risks outweigh the benefits"",""8"":""Reasoning failures under uncertainty"",""9"":""Open source transparency"",""10"":""Develop new types of work we can't yet imagine""}","{""timeZone"":""Africa/Johannesburg"",""timestamp"":""2025-05-08T18:36:09.153Z"",""userAgent"":""Mozilla/5.0 (Windows NT 10.0; Win64; x64) AppleWebKit/537.36 (KHTML, like Gecko) Chrome/136.0.0.0 Safari/537.36 Edg/136.0.0.0""}"
8b99e526-2f3c-4d3e-9030-69bf9c8ec50d,2025-04-29 14:02:46.673373+00,"{""1"":""5-10 years for most programming tasks"",""2"":""Software development lifecycle"",""3"":""We ARE deploying them now"",""4"":""The developers who built the system"",""5"":""Self-modification of their own architecture"",""6"":""2-3 (minimal communication overhead)"",""7"":""Control (allow autonomous decision execution)"",""8"":""The need for human oversight"",""9"":""Open source transparency"",""10"":""Focus on purely interpersonal/emotional work""}","{""timeZone"":""Europe/London"",""timestamp"":""2025-04-29T14:02:46.003Z"",""userAgent"":""Mozilla/5.0 (Macintosh; Intel Mac OS X 10_15_7) AppleWebKit/537.36 (KHTML, like Gecko) Chrome/135.0.0.0 Safari/537.36""}"
8bab0882-3731-4ba9-81ba-1a575a300ede,2025-05-08 18:36:25.460525+00,"{""1"":""Never - creativity can't be automated"",""2"":""Knowledge work industry"",""3"":""Technical leadership doesn't understand the potential"",""4"":""The company deploying the agents"",""5"":""No opinion"",""6"":""No opinion"",""7"":""Privacy (complete work environment monitoring)"",""8"":""Inability to truly understand human emotions"",""9"":""Market competition and user choice"",""10"":""Provide oversight and creative direction""}","{""timeZone"":""Africa/Johannesburg"",""timestamp"":""2025-05-08T18:36:25.291Z"",""userAgent"":""Mozilla/5.0 (Windows NT 10.0; Win64; x64) AppleWebKit/537.36 (KHTML, like Gecko) Chrome/136.0.0.0 Safari/537.36 Edg/136.0.0.0""}"
8bfdbf14-beb0-4a64-a48c-e689d9725de0,2025-05-01 17:53:11.082812+00,"{""1"":""Never - creativity can't be automated"",""2"":""Software development lifecycle"",""3"":""Fear of the unknown"",""4"":""The company deploying the agents"",""5"":""Memory"",""6"":""5-10 (balance of specialization and coordination)"",""7"":""Job security (including your own position)"",""8"":""Reasoning failures under uncertainty"",""9"":""Open source transparency"",""10"":""Provide oversight and creative direction"",""11"":""This is just the beginning - I can't wait to see what new leaps forwards are coming.""}","{""timeZone"":""Europe/Paris"",""timestamp"":""2025-05-01T17:53:10.951Z"",""userAgent"":""Mozilla/5.0 (Windows NT 10.0; Win64; x64) AppleWebKit/537.36 (KHTML, like Gecko) Chrome/134.0.0.0 Safari/537.36 Avast/134.0.0.0""}"
8fbd803f-241b-4dcc-841d-0f1ba1dda69b,2025-05-08 18:38:35.055087+00,"{""1"":""Already happening for simple tasks"",""2"":""Software development lifecycle"",""3"":""We ARE deploying them now"",""4"":""No opinion"",""5"":""Memory"",""6"":""Fluid/dynamic number based on task (emergent organization)"",""7"":""No opinion"",""8"":""Reasoning failures under uncertainty"",""9"":""Open source transparency"",""10"":""Develop new types of work we can't yet imagine""}","{""timeZone"":""America/New_York"",""timestamp"":""2025-05-08T18:38:34.848Z"",""userAgent"":""Mozilla/5.0 (Macintosh; Intel Mac OS X 10_15_7) AppleWebKit/537.36 (KHTML, like Gecko) Chrome/135.0.0.0 Safari/537.36""}"
9052790d-cc7d-4b8c-be94-023418270198,2025-04-29 17:04:23.581007+00,"{""1"":""Already happening for simple tasks"",""2"":""Software development lifecycle"",""3"":""We ARE deploying them now"",""4"":""All decisions need human approval (defeating the purpose)"",""5"":""Perfect theory of mind about humans"",""6"":""Fluid/dynamic number based on task (emergent organization)"",""7"":""Nothing, the risks outweigh the benefits"",""8"":""The need for human oversight"",""9"":""Market competition and user choice"",""10"":""Develop new types of work we can't yet imagine""}","{""timeZone"":""Europe/Zagreb"",""timestamp"":""2025-04-29T17:04:23.308Z"",""userAgent"":""Mozilla/5.0 (iPhone; CPU iPhone OS 18_3_2 like Mac OS X) AppleWebKit/605.1.15 (KHTML, like Gecko) CriOS/135.0.7049.83 Mobile/15E148 Safari/604.1""}"
9568cb61-c442-4e32-8725-90a25e276459,2025-04-30 15:00:36.635919+00,"{""1"":""Never - creativity can't be automated"",""2"":""Knowledge work industry"",""3"":""Regulatory/compliance concerns"",""4"":""All decisions need human approval (defeating the purpose)"",""5"":""True causal reasoning"",""6"":""5-10 (balance of specialization and coordination)"",""7"":""Nothing, the risks outweigh the benefits"",""8"":""Lack of genuine curiosity and self-directed learning"",""9"":""Open source transparency"",""10"":""Provide oversight and creative direction""}","{""timeZone"":""America/New_York"",""timestamp"":""2025-04-30T15:00:36.347Z"",""userAgent"":""Mozilla/5.0 (Macintosh; Intel Mac OS X 10_15_7) AppleWebKit/537.36 (KHTML, like Gecko) Chrome/135.0.0.0 Safari/537.36""}"
9686ba2e-1ae8-4b50-9808-fc3fae420379,2025-05-08 19:20:38.6387+00,"{""1"":""Already happening for simple tasks"",""2"":""Corporate decision-making hierarchies"",""3"":""Fear of the unknown"",""4"":""The agents themselves (new legal frameworks needed)"",""5"":""True causal reasoning"",""6"":""50+ (massive specialization networks)"",""7"":""Control (allow autonomous decision execution)"",""8"":""Reasoning failures under uncertainty"",""9"":""Strong regulation and licensing"",""10"":""Develop new types of work we can't yet imagine""}","{""timeZone"":""Europe/Zurich"",""timestamp"":""2025-05-08T19:20:38.398Z"",""userAgent"":""Mozilla/5.0 (Macintosh; Intel Mac OS X 10_15_7) AppleWebKit/537.36 (KHTML, like Gecko) Chrome/135.0.0.0 Safari/537.36""}"
979812e8-7b8e-41e3-ab88-41dd1d76dd61,2025-05-08 18:34:11.828253+00,"{""1"":""Never - creativity can't be automated"",""2"":""Traditional education systems"",""3"":""No opinion"",""4"":""The company deploying the agents"",""5"":""True causal reasoning"",""6"":""Fluid/dynamic number based on task (emergent organization)"",""7"":""Control (allow autonomous decision execution)"",""8"":""Reasoning failures under uncertainty"",""9"":""Open source transparency"",""10"":""Provide oversight and creative direction""}","{""timeZone"":""America/New_York"",""timestamp"":""2025-05-08T18:34:11.592Z"",""userAgent"":""Mozilla/5.0 (Macintosh; Intel Mac OS X 10_15_7) AppleWebKit/537.36 (KHTML, like Gecko) Chrome/135.0.0.0 Safari/537.36""}"
9a1bf7c5-2c91-4ab6-90d7-faef2b7e68c7,2025-04-29 16:16:41.278497+00,"{""1"":""Already happening for simple tasks"",""2"":""Software development lifecycle"",""3"":""We ARE deploying them now"",""4"":""All decisions need human approval (defeating the purpose)"",""5"":""Self-modification of their own architecture"",""6"":""5-10 (balance of specialization and coordination)"",""7"":""Job security (including your own position)"",""8"":""The need for human oversight"",""9"":""Market competition and user choice"",""10"":""Provide oversight and creative direction""}","{""timeZone"":""America/Los_Angeles"",""timestamp"":""2025-04-29T16:16:40.684Z"",""userAgent"":""Mozilla/5.0 (Macintosh; Intel Mac OS X 10_15_7) AppleWebKit/537.36 (KHTML, like Gecko) Chrome/135.0.0.0 Safari/537.36""}"
9d09d5db-a9a8-4f46-808d-2fede290c0cc,2025-05-08 18:35:20.259989+00,"{""1"":""5-10 years for most programming tasks"",""2"":""Traditional education systems"",""3"":""Fear of the unknown"",""4"":""The company deploying the agents"",""5"":""No opinion"",""6"":""No opinion"",""7"":""No opinion"",""8"":""No opinion"",""9"":""No opinion"",""10"":""No opinion""}","{""timeZone"":""America/New_York"",""timestamp"":""2025-05-08T18:35:19.999Z"",""userAgent"":""Mozilla/5.0 (Macintosh; Intel Mac OS X 10_15_7) AppleWebKit/537.36 (KHTML, like Gecko) Chrome/136.0.0.0 Safari/537.36""}"
9d4e62a4-890c-45ab-81ce-bbead58d3886,2025-04-29 16:10:01.644065+00,"{""1"":""Already happening for simple tasks"",""2"":""Knowledge work industry"",""3"":""We ARE deploying them now"",""4"":""The company deploying the agents"",""5"":""True causal reasoning"",""6"":""5-10 (balance of specialization and coordination)"",""7"":""Nothing, the risks outweigh the benefits"",""8"":""Reasoning failures under uncertainty"",""9"":""Market competition and user choice"",""10"":""Provide oversight and creative direction""}","{""timeZone"":""America/Phoenix"",""timestamp"":""2025-04-29T16:10:00.351Z"",""userAgent"":""Mozilla/5.0 (Macintosh; Intel Mac OS X 10_15_7) AppleWebKit/605.1.15 (KHTML, like Gecko) Version/18.3 Safari/605.1.15""}"
9db0b598-368b-40e4-b62d-7e0e1ab9a5a8,2025-04-29 17:04:32.194013+00,"{""1"":""Already happening for simple tasks"",""2"":""Software development lifecycle"",""3"":""Technical leadership doesn't understand the potential"",""4"":""All decisions need human approval (defeating the purpose)"",""5"":""True causal reasoning"",""6"":""Fluid/dynamic number based on task (emergent organization)"",""7"":""Job security (including your own position)"",""8"":""Reasoning failures under uncertainty"",""9"":""Strong regulation and licensing"",""10"":""Develop new types of work we can't yet imagine""}","{""timeZone"":""Europe/Zagreb"",""timestamp"":""2025-04-29T17:04:31.714Z"",""userAgent"":""Mozilla/5.0 (iPhone; CPU iPhone OS 18_3_2 like Mac OS X) AppleWebKit/605.1.15 (KHTML, like Gecko) CriOS/135.0.7049.83 Mobile/15E148 Safari/604.1""}"
9deb3ddc-98de-48fe-b286-84626ab36cd5,2025-05-08 18:38:19.696967+00,"{""1"":""No opinion"",""2"":""Software development lifecycle"",""3"":""Regulatory/compliance or technical readiness concerns"",""4"":""The company deploying the agents"",""5"":""Self-modification of their own architecture"",""6"":""Fluid/dynamic number based on task (emergent organization)"",""7"":""Privacy (complete work environment monitoring)"",""8"":""Reasoning failures under uncertainty"",""9"":""Open source transparency"",""10"":""Provide oversight and creative direction""}","{""timeZone"":""America/Chicago"",""timestamp"":""2025-05-08T18:38:19.438Z"",""userAgent"":""Mozilla/5.0 (iPhone; CPU iPhone OS 18_4_1 like Mac OS X) AppleWebKit/605.1.15 (KHTML, like Gecko) Version/18.4 Mobile/15E148 Safari/604.1""}"
9fa9290a-2756-4538-b20d-91dce17e8d89,2025-05-08 18:34:58.901056+00,"{""1"":""Already happening for simple tasks"",""2"":""Knowledge work industry"",""3"":""We ARE deploying them now"",""4"":""The company deploying the agents"",""5"":""Memory"",""6"":""Fluid/dynamic number based on task (emergent organization)"",""7"":""Job security (including your own position)"",""8"":""Reasoning failures under uncertainty"",""9"":""Strong regulation and licensing"",""10"":""Provide oversight and creative direction"",""11"":""We're building Minsky's Society of Mind""}","{""timeZone"":""America/Los_Angeles"",""timestamp"":""2025-05-08T18:34:58.651Z"",""userAgent"":""Mozilla/5.0 (Macintosh; Intel Mac OS X 10_15_7) AppleWebKit/605.1.15 (KHTML, like Gecko) Version/18.1 Safari/605.1.15""}"
a0187226-4b70-4bad-8b39-a42d3c1ebd39,2025-05-08 19:15:41.300572+00,"{""1"":""Never - creativity can't be automated"",""2"":""No opinion"",""3"":""Regulatory/compliance or technical readiness concerns"",""4"":""All decisions need human approval (defeating the purpose)"",""5"":""No opinion"",""6"":""No opinion"",""7"":""Job security (including your own position)"",""8"":""No opinion"",""9"":""No opinion"",""10"":""Develop new types of work we can't yet imagine""}","{""timeZone"":""America/Los_Angeles"",""timestamp"":""2025-05-08T19:15:40.459Z"",""userAgent"":""Mozilla/5.0 (Macintosh; Intel Mac OS X 10_15_7) AppleWebKit/537.36 (KHTML, like Gecko) Chrome/136.0.0.0 Safari/537.36""}"
a057253f-45d0-4686-81a8-85bc302917be,2025-05-08 18:35:38.407527+00,"{""1"":""Already happening for simple tasks"",""2"":""Corporate decision-making hierarchies"",""3"":""Fear of the unknown"",""4"":""All decisions need human approval (defeating the purpose)"",""5"":""No opinion"",""6"":""Fluid/dynamic number based on task (emergent organization)"",""7"":""Control (allow autonomous decision execution)"",""8"":""Reasoning failures under uncertainty"",""9"":""Open source transparency"",""10"":""Develop new types of work we can't yet imagine""}","{""timeZone"":""America/New_York"",""timestamp"":""2025-05-08T18:35:39.712Z"",""userAgent"":""Mozilla/5.0 (Android 15; Mobile; rv:140.0) Gecko/140.0 Firefox/140.0""}"
a2e51399-93b0-4c85-9449-ffa1d63998ea,2025-05-08 18:33:13.815615+00,"{""1"":""5-10 years for most programming tasks"",""2"":""Knowledge work industry"",""3"":""Technical leadership doesn't understand the potential"",""4"":""The company deploying the agents"",""5"":""Perfect theory of mind about humans"",""6"":""50+ (massive specialization networks)"",""7"":""Control (allow autonomous decision execution)"",""8"":""The need for human oversight"",""9"":""Strong regulation and licensing"",""10"":""Provide oversight and creative direction""}","{""timeZone"":""America/New_York"",""timestamp"":""2025-05-08T18:33:13.614Z"",""userAgent"":""Mozilla/5.0 (iPhone; CPU iPhone OS 18_3_2 like Mac OS X) AppleWebKit/605.1.15 (KHTML, like Gecko) CriOS/136.0.7103.56 Mobile/15E148 Safari/604.1""}"
a43bc880-cd5f-4ead-a5bf-654bca95e4e1,2025-05-08 18:37:54.257143+00,"{""1"":""Machines will write 99% of code by 2030"",""2"":""Software development lifecycle"",""3"":""Technical leadership doesn't understand the potential"",""4"":""The company deploying the agents"",""5"":""Memory"",""6"":""Fluid/dynamic number based on task (emergent organization)"",""7"":""Control (allow autonomous decision execution)"",""8"":""Reasoning failures under uncertainty"",""9"":""Open source transparency"",""10"":""Develop new types of work we can't yet imagine""}","{""timeZone"":""America/New_York"",""timestamp"":""2025-05-08T18:37:54.115Z"",""userAgent"":""Mozilla/5.0 (Macintosh; Intel Mac OS X 10.15; rv:138.0) Gecko/20100101 Firefox/138.0""}"
a636547a-2f8a-480a-b765-080cea2b77d9,2025-04-29 17:18:29.004983+00,"{""1"":""Machines will write 99% of code by 2030"",""2"":""Knowledge work industry"",""3"":""We ARE deploying them now"",""4"":""All decisions need human approval (defeating the purpose)"",""5"":""True causal reasoning"",""6"":""Fluid/dynamic number based on task (emergent organization)"",""7"":""Nothing, the risks outweigh the benefits"",""8"":""Lack of genuine curiosity and self-directed learning"",""9"":""Open source transparency"",""10"":""Provide oversight and creative direction""}","{""timeZone"":""America/Los_Angeles"",""timestamp"":""2025-04-29T17:18:27.558Z"",""userAgent"":""Mozilla/5.0 (Macintosh; Intel Mac OS X 10_15_7) AppleWebKit/605.1.15 (KHTML, like Gecko) Version/18.4 Safari/605.1.15""}"
a7e334df-d5ca-4da9-b5c5-18e31ab4b7a2,2025-04-29 17:03:44.257939+00,"{""1"":""Never - creativity can't be automated"",""2"":""Corporate decision-making hierarchies"",""3"":""Technical leadership doesn't understand the potential"",""4"":""All decisions need human approval (defeating the purpose)"",""5"":""Perfect theory of mind about humans"",""6"":""5-10 (balance of specialization and coordination)"",""7"":""Job security (including your own position)"",""8"":""Inability to truly understand human emotions"",""9"":""Strong regulation and licensing"",""10"":""Provide oversight and creative direction""}","{""timeZone"":""Europe/Zagreb"",""timestamp"":""2025-04-29T17:03:44.068Z"",""userAgent"":""Mozilla/5.0 (Linux; Android 10; K) AppleWebKit/537.36 (KHTML, like Gecko) Chrome/135.0.0.0 Mobile Safari/537.36""}"
aa8193a8-7aa5-45db-a50f-de7b26288cf0,2025-04-29 17:07:46.256744+00,"{""1"":""Already happening for simple tasks"",""2"":""Software development lifecycle"",""3"":""We ARE deploying them now"",""4"":""The company deploying the agents"",""5"":""Self-modification of their own architecture"",""6"":""Fluid/dynamic number based on task (emergent organization)"",""7"":""Control (allow autonomous decision execution)"",""8"":""Reasoning failures under uncertainty"",""9"":""Self-governing AI systems"",""10"":""Provide oversight and creative direction""}","{""timeZone"":""America/New_York"",""timestamp"":""2025-04-29T17:07:45.920Z"",""userAgent"":""Mozilla/5.0 (Macintosh; Intel Mac OS X 10_15_7) AppleWebKit/605.1.15 (KHTML, like Gecko) Version/18.4 Safari/605.1.15""}"
aabe8139-2af7-426b-b187-e9f1d9b5807c,2025-05-08 18:35:41.901017+00,"{""1"":""Already happening for simple tasks"",""2"":""Traditional education systems"",""3"":""Regulatory/compliance or technical readiness concerns"",""4"":""All decisions need human approval (defeating the purpose)"",""5"":""No opinion"",""6"":""No opinion"",""7"":""Nothing, the risks outweigh the benefits"",""8"":""Reasoning failures under uncertainty"",""9"":""Open source transparency"",""10"":""Develop new types of work we can't yet imagine""}","{""timeZone"":""Australia/Brisbane"",""timestamp"":""2025-05-08T18:35:41.651Z"",""userAgent"":""Mozilla/5.0 (iPhone; CPU iPhone OS 18_4_1 like Mac OS X) AppleWebKit/605.1.15 (KHTML, like Gecko) Version/18.4 Mobile/15E148 Safari/604.1""}"
abddb50b-2bfb-4cb2-8582-4c7e8a6681a0,2025-05-08 18:36:13.473006+00,"{""1"":""Already happening for simple tasks"",""2"":""Knowledge work industry"",""3"":""Regulatory/compliance or technical readiness concerns"",""4"":""The company deploying the agents"",""5"":""Self-modification of their own architecture"",""6"":""Fluid/dynamic number based on task (emergent organization)"",""7"":""Control (allow autonomous decision execution)"",""8"":""The need for human oversight"",""9"":""Self-governing AI systems"",""10"":""Develop new types of work we can't yet imagine"",""11"":""wondering how much AI understanding is required to achieve employment doing what I'm enjoying. 10,000+ hours so far.""}","{""timeZone"":""America/Los_Angeles"",""timestamp"":""2025-05-08T18:36:13.251Z"",""userAgent"":""Mozilla/5.0 (Macintosh; Intel Mac OS X 10_15_7) AppleWebKit/537.36 (KHTML, like Gecko) Chrome/134.0.0.0 Safari/537.36""}"
afeab6e7-fe77-4a9f-b0c8-9bb9b69b2159,2025-04-29 14:54:04.791318+00,"{""1"":""Already happening for simple tasks"",""2"":""Software development lifecycle"",""3"":""Technical leadership doesn't understand the potential"",""4"":""All decisions need human approval (defeating the purpose)"",""5"":""True causal reasoning"",""6"":""Fluid/dynamic number based on task (emergent organization)"",""7"":""Job security (including your own position)"",""8"":""Reasoning failures under uncertainty"",""9"":""Open source transparency"",""10"":""Be largely unnecessary for knowledge work""}","{""timeZone"":""America/New_York"",""timestamp"":""2025-04-29T14:54:02.152Z"",""userAgent"":""Mozilla/5.0 (Linux; Android 10; K) AppleWebKit/537.36 (KHTML, like Gecko) Chrome/135.0.0.0 Mobile Safari/537.36""}"
b026c3c6-547c-48e4-ad1d-9f5b941d59c1,2025-05-08 18:32:43.906985+00,"{""1"":""Already happening for simple tasks"",""2"":""Software development lifecycle"",""3"":""Technical leadership doesn't understand the potential"",""4"":""The company deploying the agents"",""5"":""No opinion"",""6"":""No opinion"",""7"":""No opinion"",""8"":""No opinion"",""9"":""No opinion"",""10"":""No opinion""}","{""timeZone"":""Europe/Amsterdam"",""timestamp"":""2025-05-08T18:32:43.680Z"",""userAgent"":""Mozilla/5.0 (Macintosh; Intel Mac OS X 10_15_7) AppleWebKit/537.36 (KHTML, like Gecko) Chrome/135.0.0.0 Safari/537.36""}"
b04f0fdc-6b46-4a8d-91d4-021aef63ba9f,2025-05-08 18:44:29.767069+00,"{""1"":""5-10 years for most programming tasks"",""2"":""Software development lifecycle"",""3"":""No opinion"",""4"":""The developers who built the system"",""5"":""Memory"",""6"":""2-3 (minimal communication overhead)"",""7"":""Job security (including your own position)"",""8"":""The need for human oversight"",""9"":""No opinion"",""10"":""No opinion""}","{""timeZone"":""Europe/Zurich"",""timestamp"":""2025-05-08T18:44:29.578Z"",""userAgent"":""Mozilla/5.0 (Macintosh; Intel Mac OS X 10_15_7) AppleWebKit/537.36 (KHTML, like Gecko) Chrome/135.0.0.0 Safari/537.36""}"
b0a14eeb-296b-4618-8e3d-1bb93ace83f0,2025-05-08 18:45:58.168924+00,"{""1"":""Already happening for simple tasks"",""2"":""Software development lifecycle"",""3"":""We ARE deploying them now"",""4"":""The company deploying the agents"",""5"":""True causal reasoning"",""6"":""Fluid/dynamic number based on task (emergent organization)"",""7"":""Control (allow autonomous decision execution)"",""8"":""Reasoning failures under uncertainty"",""9"":""Self-governing AI systems"",""10"":""Provide oversight and creative direction""}","{""timeZone"":""America/Toronto"",""timestamp"":""2025-05-08T18:45:57.776Z"",""userAgent"":""Mozilla/5.0 (Linux; Android 10; K) AppleWebKit/537.36 (KHTML, like Gecko) Chrome/136.0.0.0 Mobile Safari/537.36""}"
b44770f7-a5cd-47f6-a1e8-1481b8060c40,2025-05-28 04:43:29.343128+00,"{""1"":""Never - creativity can't be automated"",""2"":""Traditional education systems"",""3"":""We ARE deploying them now"",""4"":""The company deploying the agents"",""5"":""No opinion"",""6"":""No opinion"",""7"":""No opinion"",""8"":""No opinion"",""9"":""No opinion"",""10"":""No opinion""}","{""timeZone"":""America/Vancouver"",""timestamp"":""2025-05-28T04:43:28.984Z"",""userAgent"":""Mozilla/5.0 (iPhone; CPU iPhone OS 18_5 like Mac OS X) AppleWebKit/605.1.15 (KHTML, like Gecko) Version/18.5 Mobile/15E148 Safari/604.1""}"
b82cf1e5-c7f9-492e-95ca-7935d50d4cb0,2025-04-29 12:53:12.08797+00,"{""1"":""Never - creativity can't be automated"",""2"":""Knowledge work industry"",""3"":""Regulatory/compliance concerns"",""4"":""All decisions need human approval (defeating the purpose)"",""5"":""True causal reasoning"",""6"":""Fluid/dynamic number based on task (emergent organization)"",""7"":""Nothing, the risks outweigh the benefits"",""8"":""The need for human oversight"",""9"":""Open source transparency"",""10"":""Be largely unnecessary for knowledge work""}","{""timeZone"":""America/Toronto"",""timestamp"":""2025-04-29T12:53:12.276Z"",""userAgent"":""Mozilla/5.0 (Android 15; Mobile; rv:137.0) Gecko/137.0 Firefox/137.0""}"
bb79483c-8c0e-4ac3-9dbd-3578f41ad24e,2025-05-08 19:46:29.586322+00,"{""1"":""Never - creativity can't be automated"",""2"":""Knowledge work industry"",""3"":""We ARE deploying them now"",""4"":""All decisions need human approval (defeating the purpose)"",""5"":""Memory"",""6"":""Fluid/dynamic number based on task (emergent organization)"",""7"":""Job security (including your own position)"",""8"":""Reasoning failures under uncertainty"",""9"":""Open source transparency"",""10"":""Develop new types of work we can't yet imagine""}","{""timeZone"":""America/Los_Angeles"",""timestamp"":""2025-05-08T19:46:29.044Z"",""userAgent"":""Mozilla/5.0 (Windows NT 10.0; Win64; x64) AppleWebKit/537.36 (KHTML, like Gecko) Chrome/135.0.0.0 Safari/537.36""}"
bcf84ccf-d25f-45c3-a7fd-2e268e8074ae,2025-04-29 12:51:50.924014+00,"{""1"":""Already happening for simple tasks"",""2"":""Software development lifecycle"",""3"":""We ARE deploying them now"",""4"":""The developers who built the system"",""5"":""Self-modification of their own architecture"",""6"":""Fluid/dynamic number based on task (emergent organization)"",""7"":""Job security (including your own position)"",""8"":""The need for human oversight"",""9"":""Market competition and user choice"",""10"":""Develop new types of work we can't yet imagine""}","{""timeZone"":""UTC"",""timestamp"":""2025-04-29T12:51:43.388Z"",""userAgent"":""Mozilla/5.0 (X11; Linux x86_64; rv:137.0) Gecko/20100101 Firefox/137.0""}"
be527c4f-186a-4016-b4d2-7f12dd48776f,2025-05-08 18:33:58.07487+00,"{""1"":""5-10 years for most programming tasks"",""2"":""Traditional education systems"",""3"":""Regulatory/compliance or technical readiness concerns"",""4"":""The company deploying the agents"",""5"":""Memory"",""6"":""5-10 (balance of specialization and coordination)"",""7"":""Privacy (complete work environment monitoring)"",""8"":""The need for human oversight"",""9"":""No opinion"",""10"":""Provide oversight and creative direction""}","{""timeZone"":""America/Los_Angeles"",""timestamp"":""2025-05-08T18:33:57.908Z"",""userAgent"":""Mozilla/5.0 (Macintosh; Intel Mac OS X 10.15; rv:139.0) Gecko/20100101 Firefox/139.0""}"
c1b4dd8f-8812-4941-a30d-0e50fcc4364f,2025-04-29 13:18:57.500314+00,"{""1"":""Machines will write 99% of code by 2030"",""2"":""Traditional education systems"",""3"":""We ARE deploying them now"",""4"":""The agents themselves (new legal frameworks needed)"",""5"":""Self-modification of their own architecture"",""6"":""Fluid/dynamic number based on task (emergent organization)"",""7"":""Job security (including your own position)"",""8"":""Lack of genuine curiosity and self-directed learning"",""9"":""Open source transparency"",""10"":""Develop new types of work we can't yet imagine""}","{""timeZone"":""America/New_York"",""timestamp"":""2025-04-29T13:18:56.263Z"",""userAgent"":""Mozilla/5.0 (Macintosh; Intel Mac OS X 10.15; rv:137.0) Gecko/20100101 Firefox/137.0""}"
c23438a1-74b7-4611-80f4-0201caebb287,2025-05-08 18:33:54.726941+00,"{""1"":""5-10 years for most programming tasks"",""2"":""Knowledge work industry"",""3"":""Technical leadership doesn't understand the potential"",""4"":""The developers who built the system"",""5"":""Self-modification of their own architecture"",""6"":""Fluid/dynamic number based on task (emergent organization)"",""7"":""Job security (including your own position)"",""8"":""The need for human oversight"",""9"":""Self-governing AI systems"",""10"":""Provide oversight and creative direction""}","{""timeZone"":""Europe/Amsterdam"",""timestamp"":""2025-05-08T18:33:54.586Z"",""userAgent"":""Mozilla/5.0 (Macintosh; Intel Mac OS X 10_15_7) AppleWebKit/537.36 (KHTML, like Gecko) Chrome/135.0.0.0 Safari/537.36""}"
c2b9ca8d-6e36-47fc-8da7-236dc8e26ddc,2025-05-08 18:35:54.919677+00,"{""1"":""5-10 years for most programming tasks"",""2"":""Software development lifecycle"",""3"":""Technical leadership doesn't understand the potential"",""4"":""All decisions need human approval (defeating the purpose)"",""5"":""True causal reasoning"",""6"":""Fluid/dynamic number based on task (emergent organization)"",""7"":""Privacy (complete work environment monitoring)"",""8"":""Lack of genuine curiosity and self-directed learning"",""9"":""Market competition and user choice"",""10"":""Develop new types of work we can't yet imagine""}","{""timeZone"":""America/Los_Angeles"",""timestamp"":""2025-05-08T18:35:54.331Z"",""userAgent"":""Mozilla/5.0 (Windows NT 10.0; Win64; x64) AppleWebKit/537.36 (KHTML, like Gecko) Chrome/136.0.0.0 Safari/537.36""}"
c567a18b-df14-449e-8695-c36a0d20438c,2025-05-01 15:14:55.403068+00,"{""1"":""Already happening for simple tasks"",""2"":""Software development lifecycle"",""3"":""We ARE deploying them now"",""4"":""All decisions need human approval (defeating the purpose)"",""5"":""True causal reasoning"",""6"":""Fluid/dynamic number based on task (emergent organization)"",""7"":""Privacy (complete work environment monitoring)"",""8"":""The need for human oversight"",""9"":""Open source transparency"",""10"":""Develop new types of work we can't yet imagine""}","{""timeZone"":""Europe/London"",""timestamp"":""2025-05-01T15:14:54.033Z"",""userAgent"":""Mozilla/5.0 (Macintosh; Intel Mac OS X 10_15_7) AppleWebKit/537.36 (KHTML, like Gecko) Chrome/136.0.0.0 Safari/537.36""}"
c7070430-15a3-4bd0-82ea-50f53c079631,2025-05-08 18:36:37.349272+00,"{""1"":""5-10 years for most programming tasks"",""2"":""Knowledge work industry"",""3"":""Regulatory/compliance or technical readiness concerns"",""4"":""The company deploying the agents"",""5"":""True causal reasoning"",""6"":""5-10 (balance of specialization and coordination)"",""7"":""Privacy (complete work environment monitoring)"",""8"":""Lack of genuine curiosity and self-directed learning"",""9"":""Strong regulation and licensing"",""10"":""Provide oversight and creative direction""}","{""timeZone"":""America/New_York"",""timestamp"":""2025-05-08T18:36:37.267Z"",""userAgent"":""Mozilla/5.0 (Windows NT 10.0; Win64; x64) AppleWebKit/537.36 (KHTML, like Gecko) Chrome/135.0.0.0 Safari/537.36""}"
c8fb34f3-c4ee-4bf0-97c6-1cd4848bd0ad,2025-04-29 12:42:46.342129+00,"{""1"":""Never - creativity can't be automated"",""2"":""Knowledge work industry"",""3"":""We ARE deploying them now"",""4"":""The company deploying the agents"",""5"":""Self-modification of their own architecture"",""6"":""Fluid/dynamic number based on task (emergent organization)"",""7"":""Control (allow autonomous decision execution)"",""8"":""Lack of genuine curiosity and self-directed learning"",""9"":""Open source transparency"",""10"":""Be largely unnecessary for knowledge work""}","{""timeZone"":""Europe/Zagreb"",""timestamp"":""2025-04-29T12:42:44.252Z"",""userAgent"":""Mozilla/5.0 (Macintosh; Intel Mac OS X 10_15_7) AppleWebKit/537.36 (KHTML, like Gecko) Chrome/134.0.0.0 Safari/537.36""}"
ca9a7d48-c07c-4c49-952e-d40fcb9c73b1,2025-04-29 17:05:45.166795+00,"{""1"":""5-10 years for most programming tasks"",""2"":""Software development lifecycle"",""3"":""Regulatory/compliance concerns"",""4"":""The agents themselves (new legal frameworks needed)"",""5"":""Self-modification of their own architecture"",""6"":""Fluid/dynamic number based on task (emergent organization)"",""7"":""Job security (including your own position)"",""8"":""Inability to truly understand human emotions"",""9"":""Open source transparency"",""10"":""Provide oversight and creative direction""}","{""timeZone"":""Europe/Zagreb"",""timestamp"":""2025-04-29T17:05:44.410Z"",""userAgent"":""Mozilla/5.0 (Linux; Android 10; K) AppleWebKit/537.36 (KHTML, like Gecko) SamsungBrowser/27.0 Chrome/125.0.0.0 Mobile Safari/537.36""}"
cb02518e-acfb-465c-85c0-9e79a8d0a4b3,2025-05-02 15:52:27.962977+00,"{""1"":""Never - creativity can't be automated"",""2"":""Knowledge work industry"",""3"":""Technical leadership doesn't understand the potential"",""4"":""The company deploying the agents"",""5"":""Self-modification of their own architecture"",""6"":""Fluid/dynamic number based on task (emergent organization)"",""7"":""Control (allow autonomous decision execution)"",""8"":""Reasoning failures under uncertainty"",""9"":""Open source transparency"",""10"":""Provide oversight and creative direction"",""11"":""Some of these questions feel a bit leading...""}","{""timeZone"":""America/Chicago"",""timestamp"":""2025-05-02T15:52:26.080Z"",""userAgent"":""Mozilla/5.0 (Macintosh; Intel Mac OS X 10_15_7) AppleWebKit/537.36 (KHTML, like Gecko) Chrome/136.0.0.0 Safari/537.36""}"
cbd1f628-ce97-4961-a235-5579607c1c85,2025-05-16 13:07:18.198576+00,"{""1"":""5-10 years for most programming tasks"",""2"":""Software development lifecycle"",""3"":""Regulatory/compliance or technical readiness concerns"",""4"":""The company deploying the agents"",""5"":""Memory"",""6"":""Fluid/dynamic number based on task (emergent organization)"",""7"":""Control (allow autonomous decision execution)"",""8"":""Inability to truly understand human emotions"",""9"":""Strong regulation and licensing"",""10"":""Develop new types of work we can't yet imagine""}","{""timeZone"":""Europe/Rome"",""timestamp"":""2025-05-16T13:07:17.916Z"",""userAgent"":""Mozilla/5.0 (Macintosh; Intel Mac OS X 10.15; rv:138.0) Gecko/20100101 Firefox/138.0""}"
ccf74d3d-2f5d-406a-9949-03470311a88b,2025-04-30 22:51:49.040195+00,"{""1"":""Already happening for simple tasks"",""2"":""Knowledge work industry"",""3"":""Fear of the unknown"",""4"":""The company deploying the agents"",""5"":""Self-modification of their own architecture"",""6"":""Fluid/dynamic number based on task (emergent organization)"",""7"":""Nothing, the risks outweigh the benefits"",""8"":""Lack of genuine curiosity and self-directed learning"",""9"":""Market competition and user choice"",""10"":""Provide oversight and creative direction"",""11"":""Currently AI makes a lot of very strange decisions that might not be accurate or the best for the business. Right now in many cases there are smart experienced individuals that look over these decisions. But what happens over time when younger humans don't have that experience because AI did everything for them?""}","{""timeZone"":""America/New_York"",""timestamp"":""2025-04-30T22:51:47.343Z"",""userAgent"":""Mozilla/5.0 (Macintosh; Intel Mac OS X 10_15_7) AppleWebKit/605.1.15 (KHTML, like Gecko) Version/17.3 Safari/605.1.15""}"
cd4eb097-431b-4711-93fc-a59078123a16,2025-05-08 18:33:07.209393+00,"{""1"":""No opinion"",""2"":""Software development lifecycle"",""3"":""Regulatory/compliance or technical readiness concerns"",""4"":""All decisions need human approval (defeating the purpose)"",""5"":""Self-modification of their own architecture"",""6"":""Fluid/dynamic number based on task (emergent organization)"",""7"":""Nothing, the risks outweigh the benefits"",""8"":""No opinion"",""9"":""No opinion"",""10"":""No opinion""}","{""timeZone"":""America/New_York"",""timestamp"":""2025-05-08T18:33:07.062Z"",""userAgent"":""Mozilla/5.0 (X11; Linux x86_64; rv:138.0) Gecko/20100101 Firefox/138.0""}"
cf247783-a3c8-4a71-bb87-098b2d3a59ce,2025-05-08 18:35:31.31571+00,"{""1"":""Never - creativity can't be automated"",""2"":""Traditional education systems"",""3"":""Technical leadership doesn't understand the potential"",""4"":""The company deploying the agents"",""5"":""No opinion"",""6"":""2-3 (minimal communication overhead)"",""7"":""Control (allow autonomous decision execution)"",""8"":""Reasoning failures under uncertainty"",""9"":""Market competition and user choice"",""10"":""Provide oversight and creative direction""}","{""timeZone"":""America/Los_Angeles"",""timestamp"":""2025-05-08T18:35:31.230Z"",""userAgent"":""Mozilla/5.0 (Linux; Android 10; K) AppleWebKit/537.36 (KHTML, like Gecko) Chrome/136.0.0.0 Mobile Safari/537.36""}"
d027217a-8795-4a2e-9dd5-ec2d663bbb10,2025-05-08 18:34:56.204362+00,"{""1"":""Already happening for simple tasks"",""2"":""Knowledge work industry"",""3"":""We ARE deploying them now"",""4"":""The company deploying the agents"",""5"":""Self-modification of their own architecture"",""6"":""Fluid/dynamic number based on task (emergent organization)"",""7"":""Nothing, the risks outweigh the benefits"",""8"":""Reasoning failures under uncertainty"",""9"":""Self-governing AI systems"",""10"":""Develop new types of work we can't yet imagine""}","{""timeZone"":""America/New_York"",""timestamp"":""2025-05-08T18:34:56.169Z"",""userAgent"":""Mozilla/5.0 (Linux; Android 10; K) AppleWebKit/537.36 (KHTML, like Gecko) Chrome/136.0.0.0 Mobile Safari/537.36""}"
d18f21c6-a4c0-4d04-b05f-fbdcdb35f8e3,2025-05-08 18:38:18.394332+00,"{""1"":""5-10 years for most programming tasks"",""2"":""Knowledge work industry"",""3"":""Technical leadership doesn't understand the potential"",""4"":""The company deploying the agents"",""5"":""True causal reasoning"",""6"":""2-3 (minimal communication overhead)"",""7"":""Control (allow autonomous decision execution)"",""8"":""Lack of genuine curiosity and self-directed learning"",""9"":""Open source transparency"",""10"":""Provide oversight and creative direction""}","{""timeZone"":""America/New_York"",""timestamp"":""2025-05-08T18:38:18.064Z"",""userAgent"":""Mozilla/5.0 (iPhone; CPU iPhone OS 18_4_1 like Mac OS X) AppleWebKit/605.1.15 (KHTML, like Gecko) Version/18.4 Mobile/15E148 Safari/604.1""}"
d21cf2e0-d43a-4593-b161-5182ba996fde,2025-04-29 17:27:09.957699+00,"{""1"":""5-10 years for most programming tasks"",""2"":""Software development lifecycle"",""3"":""We ARE deploying them now"",""4"":""The company deploying the agents"",""5"":""Self-modification of their own architecture"",""6"":""5-10 (balance of specialization and coordination)"",""7"":""Job security (including your own position)"",""8"":""Lack of genuine curiosity and self-directed learning"",""9"":""Market competition and user choice"",""10"":""Develop new types of work we can't yet imagine""}","{""timeZone"":""America/Los_Angeles"",""timestamp"":""2025-04-29T17:27:08.607Z"",""userAgent"":""Mozilla/5.0 (iPhone; CPU iPhone OS 18_4_1 like Mac OS X) AppleWebKit/605.1.15 (KHTML, like Gecko) Mobile/22E252 Twitter for iPhone/10.94.1""}"
d62368c6-a11b-4b67-8f68-7b626e3b6310,2025-05-08 18:35:04.672468+00,"{""1"":""Machines will write 99% of code by 2030"",""2"":""Software development lifecycle"",""3"":""Technical leadership doesn't understand the potential"",""4"":""The developers who built the system"",""5"":""Self-modification of their own architecture"",""6"":""5-10 (balance of specialization and coordination)"",""7"":""Nothing, the risks outweigh the benefits"",""8"":""Lack of genuine curiosity and self-directed learning"",""9"":""Self-governing AI systems"",""10"":""Develop new types of work we can't yet imagine""}","{""timeZone"":""Africa/Cairo"",""timestamp"":""2025-05-08T18:35:04.535Z"",""userAgent"":""Mozilla/5.0 (Windows NT 10.0; Win64; x64) AppleWebKit/537.36 (KHTML, like Gecko) Chrome/136.0.0.0 Safari/537.36""}"
d6a6185f-1d10-4fb2-b63e-c8e8aa83ec59,2025-05-08 18:33:43.566075+00,"{""1"":""Already happening for simple tasks"",""2"":""Corporate decision-making hierarchies"",""3"":""Fear of the unknown"",""4"":""The company deploying the agents"",""5"":""Perfect theory of mind about humans"",""6"":""5-10 (balance of specialization and coordination)"",""7"":""No opinion"",""8"":""The need for human oversight"",""9"":""Market competition and user choice"",""10"":""Focus on purely interpersonal/emotional work""}","{""timeZone"":""Europe/Berlin"",""timestamp"":""2025-05-08T18:33:43.382Z"",""userAgent"":""Mozilla/5.0 (Macintosh; Intel Mac OS X 10_15_7) AppleWebKit/537.36 (KHTML, like Gecko) Chrome/136.0.0.0 Safari/537.36""}"
d901f51a-58a1-43e7-b250-627fef367acd,2025-05-08 18:33:38.226482+00,"{""1"":""Already happening for simple tasks"",""2"":""Software development lifecycle"",""3"":""Regulatory/compliance or technical readiness concerns"",""4"":""The developers who built the system"",""5"":""Self-modification of their own architecture"",""6"":""Fluid/dynamic number based on task (emergent organization)"",""7"":""Privacy (complete work environment monitoring)"",""8"":""Reasoning failures under uncertainty"",""9"":""Market competition and user choice"",""10"":""Develop new types of work we can't yet imagine""}","{""timeZone"":""America/New_York"",""timestamp"":""2025-05-08T18:33:38.037Z"",""userAgent"":""Mozilla/5.0 (Macintosh; Intel Mac OS X 10_15_7) AppleWebKit/537.36 (KHTML, like Gecko) Chrome/135.0.0.0 Safari/537.36""}"
da5593e0-ca3e-4372-a6e9-770563c19b2e,2025-04-29 17:04:46.364341+00,"{""1"":""Already happening for simple tasks"",""2"":""Software development lifecycle"",""3"":""Technical leadership doesn't understand the potential"",""4"":""All decisions need human approval (defeating the purpose)"",""5"":""True causal reasoning"",""6"":""Fluid/dynamic number based on task (emergent organization)"",""7"":""Job security (including your own position)"",""8"":""The need for human oversight"",""9"":""Self-governing AI systems"",""10"":""Provide oversight and creative direction""}","{""timeZone"":""Europe/Zagreb"",""timestamp"":""2025-04-29T17:04:46.069Z"",""userAgent"":""Mozilla/5.0 (iPhone; CPU iPhone OS 18_3_2 like Mac OS X) AppleWebKit/605.1.15 (KHTML, like Gecko) Version/18.3.1 Mobile/15E148 Safari/604.1""}"
dc4d9626-20f4-496b-8189-5a29d2516da5,2025-05-08 18:34:12.466755+00,"{""1"":""5-10 years for most programming tasks"",""2"":""Knowledge work industry"",""3"":""Regulatory/compliance or technical readiness concerns"",""4"":""The developers who built the system"",""5"":""True causal reasoning"",""6"":""5-10 (balance of specialization and coordination)"",""7"":""Control (allow autonomous decision execution)"",""8"":""Reasoning failures under uncertainty"",""9"":""Open source transparency"",""10"":""Develop new types of work we can't yet imagine""}","{""timeZone"":""America/Chicago"",""timestamp"":""2025-05-08T18:34:12.105Z"",""userAgent"":""Mozilla/5.0 (Macintosh; Intel Mac OS X 10_15_7) AppleWebKit/537.36 (KHTML, like Gecko) Chrome/135.0.0.0 Safari/537.36""}"
dcb8b601-5740-4c42-984f-2c21eee9b496,2025-05-08 18:34:28.689735+00,"{""1"":""Machines will write 99% of code by 2030"",""2"":""No opinion"",""3"":""Regulatory/compliance or technical readiness concerns"",""4"":""The company deploying the agents"",""5"":""Memory"",""6"":""Fluid/dynamic number based on task (emergent organization)"",""7"":""Job security (including your own position)"",""8"":""Reasoning failures under uncertainty"",""9"":""Open source transparency"",""10"":""Develop new types of work we can't yet imagine""}","{""timeZone"":""America/Chicago"",""timestamp"":""2025-05-08T18:34:28.472Z"",""userAgent"":""Mozilla/5.0 (iPhone; CPU iPhone OS 18_4_1 like Mac OS X) AppleWebKit/605.1.15 (KHTML, like Gecko) Version/18.4 Mobile/15E148 Safari/604.1""}"
dd45e1f4-89e5-4054-b2e7-d8eabf90d948,2025-04-29 17:04:21.556543+00,"{""1"":""Never - creativity can't be automated"",""2"":""Software development lifecycle"",""3"":""Technical leadership doesn't understand the potential"",""4"":""All decisions need human approval (defeating the purpose)"",""5"":""Self-modification of their own architecture"",""6"":""Fluid/dynamic number based on task (emergent organization)"",""7"":""Privacy (complete work environment monitoring)"",""8"":""The need for human oversight"",""9"":""Strong regulation and licensing"",""10"":""Provide oversight and creative direction""}","{""timeZone"":""Europe/Zagreb"",""timestamp"":""2025-04-29T17:04:21.295Z"",""userAgent"":""Mozilla/5.0 (iPhone; CPU iPhone OS 18_3_2 like Mac OS X) AppleWebKit/605.1.15 (KHTML, like Gecko) Version/18.3.1 Mobile/15E148 Safari/604.1""}"
df9939e6-9618-4e48-827d-079263a90e54,2025-04-29 17:04:14.975638+00,"{""1"":""Machines will write 99% of code by 2030"",""2"":""Software development lifecycle"",""3"":""Regulatory/compliance concerns"",""4"":""All decisions need human approval (defeating the purpose)"",""5"":""True causal reasoning"",""6"":""Fluid/dynamic number based on task (emergent organization)"",""7"":""Control (allow autonomous decision execution)"",""8"":""The need for human oversight"",""9"":""Open source transparency"",""10"":""Provide oversight and creative direction""}","{""timeZone"":""Europe/Zagreb"",""timestamp"":""2025-04-29T17:04:12.348Z"",""userAgent"":""Mozilla/5.0 (Linux; Android 10; K) AppleWebKit/537.36 (KHTML, like Gecko) Chrome/135.0.0.0 Mobile Safari/537.36""}"
e18d17c5-e412-42fc-b7c6-99d14f96e5dd,2025-05-08 18:36:18.136563+00,"{""1"":""Machines will write 99% of code by 2030"",""2"":""Software development lifecycle"",""3"":""Regulatory/compliance or technical readiness concerns"",""4"":""The company deploying the agents"",""5"":""Memory"",""6"":""Fluid/dynamic number based on task (emergent organization)"",""7"":""Nothing, the risks outweigh the benefits"",""8"":""Reasoning failures under uncertainty"",""9"":""Strong regulation and licensing"",""10"":""Develop new types of work we can't yet imagine""}","{""timeZone"":""Asia/Calcutta"",""timestamp"":""2025-05-08T18:36:20.622Z"",""userAgent"":""Mozilla/5.0 (Windows NT 10.0; Win64; x64) AppleWebKit/537.36 (KHTML, like Gecko) Chrome/136.0.0.0 Safari/537.36 Edg/136.0.0.0""}"
e295595e-2d23-4744-85af-57b482f8c7fe,2025-05-01 13:31:36.588621+00,"{""1"":""Already happening for simple tasks"",""2"":""Software development lifecycle"",""3"":""Regulatory/compliance or technical readiness concerns"",""4"":""All decisions need human approval (defeating the purpose)"",""5"":""True causal reasoning"",""6"":""Fluid/dynamic number based on task (emergent organization)"",""7"":""Control (allow autonomous decision execution)"",""8"":""Reasoning failures under uncertainty"",""9"":""Market competition and user choice"",""10"":""Provide oversight and creative direction""}","{""timeZone"":""America/New_York"",""timestamp"":""2025-05-01T13:31:34.511Z"",""userAgent"":""Mozilla/5.0 (Windows NT 10.0; Win64; x64) AppleWebKit/537.36 (KHTML, like Gecko) Chrome/135.0.0.0 Safari/537.36 Edg/135.0.0.0""}"
e341c3f1-c9c3-4af7-8ee4-b57b419ce36e,2025-05-06 13:57:19.258908+00,"{""1"":""Already happening for simple tasks"",""2"":""Software development lifecycle"",""3"":""Technical leadership doesn't understand the potential"",""4"":""All decisions need human approval (defeating the purpose)"",""5"":""Self-modification of their own architecture"",""6"":""5-10 (balance of specialization and coordination)"",""7"":""Control (allow autonomous decision execution)"",""8"":""Reasoning failures under uncertainty"",""9"":""Market competition and user choice"",""10"":""Provide oversight and creative direction""}","{""timeZone"":""America/New_York"",""timestamp"":""2025-05-06T13:57:17.392Z"",""userAgent"":""Mozilla/5.0 (iPhone; CPU iPhone OS 18_4_1 like Mac OS X) AppleWebKit/605.1.15 (KHTML, like Gecko) Version/18.4 Mobile/15E148 Safari/604.1""}"
e3a69e2c-c659-4e2e-ba92-ff57457bf81a,2025-05-08 18:36:48.378909+00,"{""1"":""5-10 years for most programming tasks"",""2"":""Knowledge work industry"",""3"":""Regulatory/compliance or technical readiness concerns"",""4"":""All decisions need human approval (defeating the purpose)"",""5"":""Self-modification of their own architecture"",""6"":""5-10 (balance of specialization and coordination)"",""7"":""Control (allow autonomous decision execution)"",""8"":""Reasoning failures under uncertainty"",""9"":""Open source transparency"",""10"":""Develop new types of work we can't yet imagine""}","{""timeZone"":""Europe/Stockholm"",""timestamp"":""2025-05-08T18:36:48.118Z"",""userAgent"":""Mozilla/5.0 (iPhone; CPU iPhone OS 18_4_1 like Mac OS X) AppleWebKit/605.1.15 (KHTML, like Gecko) CriOS/136.0.7103.56 Mobile/15E148 Safari/604.1""}"
e58c70ec-9a70-4e2b-b264-4f8816f08ff8,2025-04-29 17:05:09.248227+00,"{""1"":""Already happening for simple tasks"",""2"":""Corporate decision-making hierarchies"",""3"":""Regulatory/compliance concerns"",""4"":""The company deploying the agents"",""5"":""Self-modification of their own architecture"",""6"":""Fluid/dynamic number based on task (emergent organization)"",""7"":""Control (allow autonomous decision execution)"",""8"":""Reasoning failures under uncertainty"",""9"":""Strong regulation and licensing"",""10"":""Be largely unnecessary for knowledge work""}","{""timeZone"":""Europe/Zagreb"",""timestamp"":""2025-04-29T17:05:08.771Z"",""userAgent"":""Mozilla/5.0 (Linux; Android 10; K) AppleWebKit/537.36 (KHTML, like Gecko) Chrome/135.0.0.0 Mobile Safari/537.36""}"
e81ba9dd-424b-4a05-83f7-5877da754235,2025-04-29 17:04:21.286614+00,"{""1"":""Machines will write 99% of code by 2030"",""2"":""Software development lifecycle"",""3"":""Fear of the unknown"",""4"":""All decisions need human approval (defeating the purpose)"",""5"":""Self-modification of their own architecture"",""6"":""Fluid/dynamic number based on task (emergent organization)"",""7"":""Privacy (complete work environment monitoring)"",""8"":""Inability to truly understand human emotions"",""9"":""Self-governing AI systems"",""10"":""Focus on purely interpersonal/emotional work""}","{""timeZone"":""Europe/Zagreb"",""timestamp"":""2025-04-29T17:04:20.897Z"",""userAgent"":""Mozilla/5.0 (iPhone; CPU iPhone OS 18_3_2 like Mac OS X) AppleWebKit/605.1.15 (KHTML, like Gecko) CriOS/135.0.7049.83 Mobile/15E148 Safari/604.1""}"
ea07d40f-f1ba-4683-b6b0-d282519b9b51,2025-05-08 18:36:22.407406+00,"{""1"":""Already happening for simple tasks"",""2"":""Knowledge work industry"",""3"":""Regulatory/compliance or technical readiness concerns"",""4"":""The company deploying the agents"",""5"":""True causal reasoning"",""6"":""Fluid/dynamic number based on task (emergent organization)"",""7"":""Control (allow autonomous decision execution)"",""8"":""Reasoning failures under uncertainty"",""9"":""Strong regulation and licensing"",""10"":""Develop new types of work we can't yet imagine""}","{""timeZone"":""Europe/London"",""timestamp"":""2025-05-08T18:36:20.662Z"",""userAgent"":""Mozilla/5.0 (Linux; Android 10; K) AppleWebKit/537.36 (KHTML, like Gecko) Chrome/136.0.0.0 Mobile Safari/537.36""}"
eb43f8ad-1a31-46dc-93f4-b5b9554578a6,2025-05-08 18:35:31.911109+00,"{""1"":""Already happening for simple tasks"",""2"":""Software development lifecycle"",""3"":""Regulatory/compliance or technical readiness concerns"",""4"":""The company deploying the agents"",""5"":""Self-modification of their own architecture"",""6"":""No opinion"",""7"":""Control (allow autonomous decision execution)"",""8"":""No opinion"",""9"":""Self-governing AI systems"",""10"":""Develop new types of work we can't yet imagine""}","{""timeZone"":""America/New_York"",""timestamp"":""2025-05-08T18:35:31.244Z"",""userAgent"":""Mozilla/5.0 (Linux; Android 10; K) AppleWebKit/537.36 (KHTML, like Gecko) Chrome/136.0.0.0 Mobile Safari/537.36""}"
ebaf3e48-4389-4fd9-8514-dc349a9817ed,2025-05-08 18:34:26.602443+00,"{""1"":""Machines will write 99% of code by 2030"",""2"":""Traditional education systems"",""3"":""We ARE deploying them now"",""4"":""The company deploying the agents"",""5"":""Self-modification of their own architecture"",""6"":""Fluid/dynamic number based on task (emergent organization)"",""7"":""Control (allow autonomous decision execution)"",""8"":""The need for human oversight"",""9"":""Strong regulation and licensing"",""10"":""Develop new types of work we can't yet imagine""}","{""timeZone"":""America/Sao_Paulo"",""timestamp"":""2025-05-08T18:34:25.798Z"",""userAgent"":""Mozilla/5.0 (Macintosh; Intel Mac OS X 10_15_7) AppleWebKit/537.36 (KHTML, like Gecko) Chrome/136.0.0.0 Safari/537.36""}"
f8041b4d-68d3-4c09-abd0-b1d74bdf50e9,2025-05-08 18:32:26.29241+00,"{""1"":""Already happening for simple tasks"",""2"":""Software development lifecycle"",""3"":""Regulatory/compliance or technical readiness concerns"",""4"":""The agents themselves (new legal frameworks needed)"",""5"":""Memory"",""6"":""Fluid/dynamic number based on task (emergent organization)"",""7"":""Control (allow autonomous decision execution)"",""8"":""Lack of genuine curiosity and self-directed learning"",""9"":""Self-governing AI systems"",""10"":""Focus on purely interpersonal/emotional work""}","{""timeZone"":""Europe/Tirane"",""timestamp"":""2025-05-08T18:32:24.745Z"",""userAgent"":""Mozilla/5.0 (Linux; Android 10; K) AppleWebKit/537.36 (KHTML, like Gecko) SamsungBrowser/27.0 Chrome/125.0.0.0 Mobile Safari/537.36""}"
fdb31487-2acd-404b-8981-f4661ec80b41,2025-05-08 18:39:06.633483+00,"{""1"":""5-10 years for most programming tasks"",""2"":""Software development lifecycle"",""3"":""Regulatory/compliance or technical readiness concerns"",""4"":""All decisions need human approval (defeating the purpose)"",""5"":""Self-modification of their own architecture"",""6"":""50+ (massive specialization networks)"",""7"":""Job security (including your own position)"",""8"":""Lack of genuine curiosity and self-directed learning"",""9"":""Self-governing AI systems"",""10"":""Develop new types of work we can't yet imagine""}","{""timeZone"":""Europe/Vilnius"",""timestamp"":""2025-05-08T18:39:06.294Z"",""userAgent"":""Mozilla/5.0 (iPhone; CPU iPhone OS 18_4_1 like Mac OS X) AppleWebKit/605.1.15 (KHTML, like Gecko) Version/18.4 Mobile/15E148 Safari/604.1""}"
fdcf0e72-5603-4633-92f6-044838ba933f,2025-05-08 18:36:57.855741+00,"{""1"":""Already happening for simple tasks"",""2"":""Knowledge work industry"",""3"":""Regulatory/compliance or technical readiness concerns"",""4"":""The company deploying the agents"",""5"":""Self-modification of their own architecture"",""6"":""Fluid/dynamic number based on task (emergent organization)"",""7"":""Privacy (complete work environment monitoring)"",""8"":""Reasoning failures under uncertainty"",""9"":""Open source transparency"",""10"":""Develop new types of work we can't yet imagine""}","{""timeZone"":""America/Mexico_City"",""timestamp"":""2025-05-08T18:36:57.799Z"",""userAgent"":""Mozilla/5.0 (Linux; Android 10; K) AppleWebKit/537.36 (KHTML, like Gecko) Chrome/136.0.0.0 Mobile Safari/537.36""}"
fe7d5ed3-f9c7-4c57-bda8-cf2fceefdb28,2025-05-08 18:38:22.954044+00,"{""1"":""5-10 years for most programming tasks"",""2"":""Corporate decision-making hierarchies"",""3"":""Regulatory/compliance or technical readiness concerns"",""4"":""All decisions need human approval (defeating the purpose)"",""5"":""True causal reasoning"",""6"":""5-10 (balance of specialization and coordination)"",""7"":""Privacy (complete work environment monitoring)"",""8"":""No opinion"",""9"":""No opinion"",""10"":""Develop new types of work we can't yet imagine"",""11"":""The survey implies a bleak future for most software engineers. Conversely, Colossus is on the verge of being real.""}","{""timeZone"":""America/New_York"",""timestamp"":""2025-05-08T18:38:22.798Z"",""userAgent"":""Mozilla/5.0 (Macintosh; Intel Mac OS X 10.15; rv:134.0) Gecko/20100101 Firefox/134.0""}"